﻿<?xml version="1.0" encoding="utf-8" ?>
<Defs>



  <ThingDef Name="ApparelMakeableBaseMeh" ParentName="ApparelBase" Abstract="True">
    <recipeMaker>
      <workSpeedStat>SmithingSpeed</workSpeedStat>
      <workSkill>Crafting</workSkill>
      <effectWorking>Tailor</effectWorking>
      <soundWorking>Recipe_Tailor</soundWorking>
      <recipeUsers>
        <li>MechaWorkbench</li>
      </recipeUsers>
      <unfinishedThingDef>UnfinishedApparel</unfinishedThingDef>
      <defaultIngredientFilter>
        <categories>
          <li>Root</li>
        </categories>
        <disallowedThingDefs>
          <li>Gold</li>
          <li>Silver</li>
          <li>Plasteel</li>
          <li>Jade</li>
          <li>Uranium</li>
        </disallowedThingDefs>
      </defaultIngredientFilter>
    </recipeMaker>
  </ThingDef>
  
  <ThingDef Name="ArmorMakeableBaseMeh" ParentName="ApparelBase" Abstract="True">
    <recipeMaker>
      <workSpeedStat>SmithingSpeed</workSpeedStat>
      <workSkill>Crafting</workSkill>
      <effectWorking>Smith</effectWorking>
      <soundWorking>Recipe_Machining</soundWorking>
      <recipeUsers>
        <li>MechaWorkbench</li>
      </recipeUsers>
      <unfinishedThingDef>UnfinishedApparel</unfinishedThingDef>
      <defaultIngredientFilter>
        <categories>
          <li>Root</li>
        </categories>
        <disallowedThingDefs>
          <li>Gold</li>
          <li>Silver</li>
          <li>Plasteel</li>
          <li>Jade</li>
          <li>Uranium</li>
        </disallowedThingDefs>
      </defaultIngredientFilter>
    </recipeMaker>
  </ThingDef>

  <ThingDef Name="ArmorHelmetMakeableBaseMeh" ParentName="ArmorMakeableBaseMeh" Abstract="True">
    <thingCategories>
      <li>Headgear</li>
    </thingCategories>
  </ThingDef>
  
  
  

  <ThingDef ParentName="ApparelMakeableBaseMeh">
    <defName>Apparel_ThermalSuitMeh</defName>
    <label>Thermosuit</label>
    <description>Fully covers the body, keeping its temperature normal. Greatly protects from heat and cold, but offers almost no damage reduction.</description>
    <graphicData>
      <texPath>cos-ThermalSuit/ThermalUnd</texPath>
      <graphicClass>Graphic_Single</graphicClass>
    </graphicData>
    <costStuffCount>90</costStuffCount>
    <stuffCategories>
      <li>Fabric</li>
      <li>Leathery</li>
    </stuffCategories>
	<generateCommonality>0.4</generateCommonality>
    <thingCategories>
      <li>Apparel</li>
    </thingCategories>
    <statBases>
			<MaxHitPoints>250</MaxHitPoints>
			<WorkToMake>6000</WorkToMake>
      <Mass>1</Mass>
      <StuffEffectMultiplierArmor>0.4</StuffEffectMultiplierArmor>
      <StuffEffectMultiplierInsulation_Cold>0.6</StuffEffectMultiplierInsulation_Cold>
      <StuffEffectMultiplierInsulation_Heat>0.3</StuffEffectMultiplierInsulation_Heat>
      <EquipDelay>5</EquipDelay>
    </statBases>
    <apparel>
      <bodyPartGroups>
	  	<li>Torso</li>
		<li>Legs</li>
        <li>Shoulders</li>
		<li>Arms</li>
      </bodyPartGroups>
      <wornGraphicPath>cos-ThermalSuit/ThermalUnd</wornGraphicPath>
      <layers>
        <li>OnSkin</li>
      </layers>
      <tags>
        <li>IndustrialBasic</li>
      </tags>
      <defaultOutfitTags>
        <li>Worker</li>
        <li>Soldier</li>
      </defaultOutfitTags>
    </apparel>
    <colorGenerator Class="ColorGenerator_StandardApparel" />
 <recipeMaker>
      <researchPrerequisite>SimpleMechaTechnologies</researchPrerequisite>
    </recipeMaker>
  </ThingDef>
  
   <ThingDef ParentName="ApparelMakeableBaseMeh">
    <defName>Apparel_ProtectiveSuitMeh</defName>
    <label>Protective suit</label>
    <description>Covers the whole body, protecting it from various types of damage. Slightly reduces movement and work speeds.</description>
    <graphicData>
      <texPath>cos-ProtectiveSuit/ProtectiveSuit</texPath>
      <graphicClass>Graphic_Single</graphicClass>
    </graphicData>
    <costStuffCount>75</costStuffCount>
    <stuffCategories>
      <li>Fabric</li>
      <li>Leathery</li>
    </stuffCategories>
	<costList>
      <ComponentIndustrial>1</ComponentIndustrial>
      <Steel>30</Steel>
    </costList>
	<generateCommonality>0.4</generateCommonality>
    <thingCategories>
      <li>Apparel</li>
    </thingCategories>
    <statBases>
			<MaxHitPoints>300</MaxHitPoints>
			<WorkToMake>7000</WorkToMake>
      <Mass>2</Mass>
      <StuffEffectMultiplierArmor>0.6</StuffEffectMultiplierArmor>
      <StuffEffectMultiplierInsulation_Cold>0.4</StuffEffectMultiplierInsulation_Cold>
      <StuffEffectMultiplierInsulation_Heat>0.2</StuffEffectMultiplierInsulation_Heat>
      <EquipDelay>6</EquipDelay>
    </statBases>
	  <equippedStatOffsets>
      <MoveSpeed>-0.05</MoveSpeed>
    </equippedStatOffsets>
    <apparel>
      <bodyPartGroups>
	  	<li>Torso</li>
		<li>Legs</li>
        <li>Shoulders</li>
		<li>Arms</li>
      </bodyPartGroups>
      <wornGraphicPath>cos-ProtectiveSuit/ProtectiveSuit</wornGraphicPath>
      <layers>
        <li>OnSkin</li>
      </layers>
      <tags>
        <li>IndustrialBasic</li>
      </tags>
      <defaultOutfitTags>
        <li>Worker</li>
        <li>Soldier</li>
      </defaultOutfitTags>
    </apparel>
    <colorGenerator Class="ColorGenerator_StandardApparel" />
 <recipeMaker>
      <researchPrerequisite>SimpleMechaTechnologies</researchPrerequisite>
    </recipeMaker>
  </ThingDef>
  
  <ThingDef ParentName="ApparelMakeableBaseMeh">
    <defName>Apparel_WorkSuitMeh</defName>
    <label>Worker's exosuit</label>
    <description>Covers the whole body. Grants little protection, but increases movement and work speeds thanks to built-in servos.</description>
    <graphicData>
      <texPath>cos-WorkSuit/WorkClothes</texPath>
      <graphicClass>Graphic_Single</graphicClass>
    </graphicData>
    <costStuffCount>75</costStuffCount>
	    <recipeMaker>
      <researchPrerequisite>SimpleMechaTechnologies</researchPrerequisite>
    </recipeMaker>
    <stuffCategories>
      <li>Fabric</li>
      <li>Leathery</li>
    </stuffCategories>
	<costList>
      <ComponentIndustrial>1</ComponentIndustrial>
      <Steel>60</Steel>
    </costList>
	<generateCommonality>0.4</generateCommonality>
    <thingCategories>
      <li>Apparel</li>
    </thingCategories>
    <statBases>
			<MaxHitPoints>300</MaxHitPoints>
			<WorkToMake>9000</WorkToMake>
      <Mass>3</Mass>
      <StuffEffectMultiplierArmor>0.35</StuffEffectMultiplierArmor>
      <StuffEffectMultiplierInsulation_Cold>0.3</StuffEffectMultiplierInsulation_Cold>
      <StuffEffectMultiplierInsulation_Heat>0.2</StuffEffectMultiplierInsulation_Heat>
      <EquipDelay>8</EquipDelay>
    </statBases>
	  <equippedStatOffsets>
      <MoveSpeed>0.7</MoveSpeed>
      <WorkSpeedGlobal>0.35</WorkSpeedGlobal>
	  <MiningSpeed>0.25</MiningSpeed>
    </equippedStatOffsets>
    <apparel>
      <bodyPartGroups>
	  	<li>Torso</li>
		<li>Legs</li>
        <li>Shoulders</li>
		<li>Arms</li>
      </bodyPartGroups>
      <wornGraphicPath>cos-WorkSuit/WorkClothes</wornGraphicPath>
      <layers>
        <li>OnSkin</li>
      </layers>
      <tags>
        <li>IndustrialBasic</li>
        <li>SpacerMilitary</li>
      </tags>
      <defaultOutfitTags>
        <li>Worker</li>
        <li>Soldier</li>
      </defaultOutfitTags>
    </apparel>
    <colorGenerator Class="ColorGenerator_StandardApparel" />
  </ThingDef>

  
  <ThingDef ParentName="ArmorMakeableBaseMeh">
    <defName>Apparel_ArmorMechalitMeh</defName>
    <label>Mechalit armor</label>
    <description>An equipment of Mechalit faction. A hi-tech piece of armor with mechanite controlled life support system. Greatly increases wearer's survival rate and boosts many of his stats.</description>
    <techLevel>Spacer</techLevel>
    <recipeMaker>
      <unfinishedThingDef>UnfinishedTechArmor</unfinishedThingDef>
      <researchPrerequisite>ArmorMechalit</researchPrerequisite>
	        <skillRequirements>
        <Crafting>12</Crafting>
      </skillRequirements>
    </recipeMaker>
    <graphicData>
      <texPath>ArmorMechalit/ArmorMechalit</texPath>
      <graphicClass>Graphic_Single</graphicClass>
    </graphicData>
    <statBases>
      <WorkToMake>90000</WorkToMake>
      <MaxHitPoints>500</MaxHitPoints>
      <Mass>8</Mass>
      <ArmorRating_Sharp>1.25</ArmorRating_Sharp>
	  <ArmorRating_Blunt>0.7</ArmorRating_Blunt>
      <ArmorRating_Heat>0.75</ArmorRating_Heat>
      <Insulation_Cold>30</Insulation_Cold>
      <Insulation_Heat>15</Insulation_Heat>
	        <EquipDelay>18</EquipDelay>
    </statBases>
    <equippedStatOffsets>
			<MoveSpeed>0.25</MoveSpeed>
			 <WorkSpeedGlobal>0.15</WorkSpeedGlobal>
			<ImmunityGainSpeed>0.25</ImmunityGainSpeed>
			<ToxicSensitivity>-0.15</ToxicSensitivity>	
    </equippedStatOffsets>
    <thingCategories>
      <li>Apparel</li>
    </thingCategories>
    <costList>
      <Mechanites>6</Mechanites>
      <Myrithium>90</Myrithium>
	  <Elementx>45</Elementx>
	  <MechaCloth>45</MechaCloth>
    </costList>
		<generateCommonality>0.8</generateCommonality>
		<apparel>
			<bodyPartGroups>
				<li>Torso</li>
        <li>Neck</li>
				<li>Shoulders</li>
				<li>Arms</li>
				<li>Legs</li>
			</bodyPartGroups>
			<wornGraphicPath>ArmorMechalit/ArmorMechalit</wornGraphicPath>
			<layers>
				<li>Middle</li>
				<li>Shell</li>
			</layers>
	  <tags>
        <li>SpacerMilitary</li>
      </tags>
      <defaultOutfitTags>
        <li>Soldier</li>
      </defaultOutfitTags>
    </apparel>
    <colorGenerator Class="ColorGenerator_Options">
      <options>
        <li>
          <weight>10</weight>
          <only>RGBA(0.99,0.99,0.99,1)</only>
        </li>
        <li>
          <weight>3</weight>
          <only>RGBA(0.99,0.7,0.7,1)</only>
        </li>
        <li>
          <weight>10</weight>
          <only>RGBA(0.8,0.8,0.8,1)</only>
        </li>
		<li>
          <weight>10</weight>
          <only>RGBA(0.9,0.9,0.9,1)</only>
        </li>
      </options>
    </colorGenerator>
  </ThingDef>
  
  <ThingDef ParentName="ArmorHelmetMakeableBaseMeh">
    <defName>Apparel_STacticalHelmetMeh</defName>
    <label>Tactical helmet</label>
    <description>An advanced helmet with visor. Protects your head and makes you shots more accurate.</description>
    <techLevel>Industrial</techLevel>
    <graphicData>
      <texPath>head-TacticalHelmet/TacticalHelmet</texPath>
      <graphicClass>Graphic_Single</graphicClass>
    </graphicData>
	    <recipeMaker>
      <researchPrerequisite>MechaHelmets</researchPrerequisite>
	        <skillRequirements>
        <Crafting>6</Crafting>
      </skillRequirements>
    </recipeMaker>
    <stuffCategories>
      <li>Metallic</li>
    </stuffCategories>
		<costStuffCount>40</costStuffCount>
	  <costList>
	  <Plasteel>60</Plasteel>
      <ComponentIndustrial>5</ComponentIndustrial>
    </costList>
		<statBases>
			<WorkToMake>15000</WorkToMake>
			<MaxHitPoints>250</MaxHitPoints>
			<Mass>2</Mass>
      <StuffEffectMultiplierArmor>0.85</StuffEffectMultiplierArmor>
      <StuffEffectMultiplierInsulation_Cold>0.25</StuffEffectMultiplierInsulation_Cold>
      <StuffEffectMultiplierInsulation_Heat>0.1</StuffEffectMultiplierInsulation_Heat>
      <EquipDelay>2.5</EquipDelay>
		</statBases>
		<equippedStatOffsets>
			<MoveSpeed>-0.05</MoveSpeed>
			<PsychicSensitivity>-0.10</PsychicSensitivity>
			<ShootingAccuracyPawn>0.30</ShootingAccuracyPawn>
			<AimingDelayFactor>-0.1</AimingDelayFactor>
		</equippedStatOffsets>
		<apparel>
      <bodyPartGroups>
        <li>UpperHead</li>
      </bodyPartGroups>
      <wornGraphicPath>head-TacticalHelmet/TacticalHelmet</wornGraphicPath>
      <layers>
        <li>Overhead</li>
      </layers>
      <tags>
        <li>SpacerMilitary</li>
		<li>IndustrialMilitaryAdvanced</li>
      </tags>
      <defaultOutfitTags>
        <li>Soldier</li>
      </defaultOutfitTags>
    </apparel>
  </ThingDef>
  
   <ThingDef ParentName="ArmorHelmetMakeableBaseMeh">
    <defName>Apparel_HelmetPumaMeh</defName>
    <label>Puma helmet</label>
    <description>A special helmet, used by melee fighters of the Mechalit. It terrifies enemies and fills wearer with confidence. An advanced tactical software enhances fighter's melee efficiency, while special covering protects from psi-effects. Offers small protection, compared to power armor helmet.</description>
    <techLevel>Spacer</techLevel>
    <recipeMaker>
      <researchPrerequisite>MechaHelmets</researchPrerequisite>
	        <skillRequirements>
        <Crafting>8</Crafting>
      </skillRequirements>
    </recipeMaker>
    <graphicData>
      <texPath>head-HelmetPuma/HelmetPuma</texPath>
      <graphicClass>Graphic_Single</graphicClass>
    </graphicData>
    <statBases>
      <WorkToMake>15000</WorkToMake>
      <MaxHitPoints>240</MaxHitPoints>
      <Mass>3</Mass>
      <StuffEffectMultiplierArmor>1</StuffEffectMultiplierArmor>
      <StuffEffectMultiplierInsulation_Cold>0.3</StuffEffectMultiplierInsulation_Cold>
      <StuffEffectMultiplierInsulation_Heat>0.2</StuffEffectMultiplierInsulation_Heat>
      <EquipDelay>4</EquipDelay>
    </statBases>
    <equippedStatOffsets>
      <MoveSpeed>-0.4</MoveSpeed>
	  <MeleeHitChance>0.5</MeleeHitChance>
	  <MeleeDodgeChance>0.5</MeleeDodgeChance>
	  <MentalBreakThreshold>-0.15</MentalBreakThreshold>
	   <PsychicSensitivity>-0.35</PsychicSensitivity>
    </equippedStatOffsets>
    <stuffCategories>
      <li>Metallic</li>
    </stuffCategories>
		<costStuffCount>50</costStuffCount>
	  <costList>
      <Eftam>180</Eftam>
	  <ComponentIndustrial>8</ComponentIndustrial>
    </costList>
		<generateCommonality>0.6</generateCommonality>
	<apparel>
			<bodyPartGroups>
				<li>FullHead</li>
			</bodyPartGroups>
			<wornGraphicPath>head-HelmetPuma/HelmetPuma</wornGraphicPath>
			<layers>
				<li>Overhead</li>
			</layers>
			<tags>
        <li>SpacerMilitary</li>
		<li>IndustrialMilitaryAdvanced</li>
      </tags>
      <defaultOutfitTags>
        <li>Soldier</li>
      </defaultOutfitTags>
    </apparel>
  </ThingDef>
  
  <ThingDef ParentName="ArmorHelmetMakeableBaseMeh">
    <defName>Apparel_HelmetMechalitMeh</defName>
    <label>Mechalit helmet</label>
    <description>A high-tech helmet with visor and psi-protection. Offers good protection against all types of damage. A high-class tactical software assits in aiming and learning.</description>
    <techLevel>Spacer</techLevel>
    <recipeMaker>
      <unfinishedThingDef>UnfinishedTechArmor</unfinishedThingDef>
      <researchPrerequisite>ArmorMechalit</researchPrerequisite>
	        <skillRequirements>
        <Crafting>12</Crafting>
      </skillRequirements>
    </recipeMaker>
    <graphicData>
      <texPath>head-HelmetMechalit/HelmetMechalit</texPath>
      <graphicClass>Graphic_Single</graphicClass>
    </graphicData>
    <statBases>
      <WorkToMake>40000</WorkToMake>
      <MaxHitPoints>280</MaxHitPoints>
      <Mass>2</Mass>
      <ArmorRating_Sharp>1.15</ArmorRating_Sharp>
	  <ArmorRating_Blunt>0.7</ArmorRating_Blunt>
      <ArmorRating_Heat>1.05</ArmorRating_Heat>
      <Insulation_Cold>12</Insulation_Cold>
      <Insulation_Heat>8</Insulation_Heat>
	  <EquipDelay>3</EquipDelay>
    </statBases>
    <equippedStatOffsets>
			<PsychicSensitivity>-0.15</PsychicSensitivity>
			<ShootingAccuracyPawn>0.6</ShootingAccuracyPawn>
			<AimingDelayFactor>-0.4</AimingDelayFactor>
			<GlobalLearningFactor>0.25</GlobalLearningFactor>
			<ToxicSensitivity>-0.15</ToxicSensitivity>	
			<MentalBreakThreshold>-0.05</MentalBreakThreshold>
    </equippedStatOffsets>
    <costList>
      <Mechanites>2</Mechanites>
      <Myrithium>45</Myrithium>
	  <Elementx>15</Elementx>
	  <Energx>5</Energx>
    </costList>
		<generateCommonality>0.9</generateCommonality>
		<apparel>
			<bodyPartGroups>
				<li>FullHead</li>
			</bodyPartGroups>
			<wornGraphicPath>head-HelmetMechalit/HelmetMechalit</wornGraphicPath>
			<layers>
				<li>Overhead</li>
			</layers>
			<tags>
        <li>SpacerMilitary</li>
      </tags>
      <defaultOutfitTags>
        <li>Soldier</li>
      </defaultOutfitTags>
    </apparel>
    <colorGenerator Class="ColorGenerator_Options">
      <options>
        <li>
          <weight>10</weight>
          <only>RGBA(0.99,0.99,0.99,1)</only>
        </li>
        <li>
          <weight>3</weight>
          <only>RGBA(0.99,0.7,0.7,1)</only>
        </li>
        <li>
          <weight>10</weight>
          <only>RGBA(0.8,0.8,0.8,1)</only>
        </li>
		<li>
          <weight>10</weight>
          <only>RGBA(0.9,0.9,0.9,1)</only>
        </li>
      </options>
    </colorGenerator>
  </ThingDef>
  
</Defs>
