﻿<?xml version="1.0" encoding="utf-8" ?>
<Defs>


  <ThingDef Name="BaseMakeableGunMeh" ParentName="BaseGunWithQuality" Abstract="True">
    <recipeMaker>
      <workSpeedStat>SmithingSpeed</workSpeedStat>
      <workSkill>Crafting</workSkill>
      <effectWorking>Smith</effectWorking>
      <soundWorking>Recipe_Smith</soundWorking>
      <recipeUsers>
        <li>MechaWorkbench</li>
      </recipeUsers>
      <unfinishedThingDef>UnfinishedGun</unfinishedThingDef>
      <researchPrerequisite>Gunsmithing</researchPrerequisite>
    </recipeMaker>
  </ThingDef>

  <ThingDef Name="BaseHumanGunMeh" ParentName="BaseGun" Abstract="True">
    <weaponTags>
      <li>Gun</li>
    </weaponTags>
  </ThingDef>
  
  <ThingDef Name="BaseHumanMakeableGunMeh" ParentName="BaseMakeableGunMeh" Abstract="True">
    <weaponTags>
      <li>Gun</li>
    </weaponTags>
  </ThingDef>



  <ThingDef ParentName="BaseBullet">
    <defName>Bullet_PistolAmber</defName>
    <label>pistol "Amber" bullet</label>
    <graphicData>
      <texPath>WProg/BulletAmber</texPath>
      <graphicClass>Graphic_Single</graphicClass>
	  <shaderType>TransparentPostLight</shaderType>
    </graphicData>
    <projectile>
      <flyOverhead>false</flyOverhead>
      <damageDef>Bullet</damageDef>
      <damageAmountBase>9</damageAmountBase>
      <speed>50</speed>
	  <stoppingPower>1</stoppingPower>
    </projectile>
  </ThingDef>
  <ThingDef ParentName="BaseHumanMakeableGunMeh">
    <defName>Gun_PistolAmber</defName>
    <label>"Amber"</label>
    <description>An elite, gold plated pistol. Was issued to the Mechalit officers for good service. Good damage and fire rate.</description>
    <graphicData>
      <texPath>Weapon/PistolAmber</texPath>
      <graphicClass>Graphic_Single</graphicClass>
    </graphicData>
    <soundInteract>Interact_Autopistol</soundInteract>
	<generateCommonality>0.7</generateCommonality>
    <recipeMaker>
      <researchPrerequisite>SimpleMechaWeapon</researchPrerequisite>
	        <skillRequirements>
        <Crafting>4</Crafting>
      </skillRequirements>
    </recipeMaker>
    <weaponTags>
      <li>MechaGunSimple</li>
    </weaponTags>
    <statBases>
      <WorkToMake>8000</WorkToMake>
      <Mass>1.4</Mass>
      <AccuracyTouch>0.85</AccuracyTouch>
      <AccuracyShort>0.8</AccuracyShort>
      <AccuracyMedium>0.55</AccuracyMedium>
      <AccuracyLong>0.4</AccuracyLong>
      <RangedWeapon_Cooldown>0.55</RangedWeapon_Cooldown>
    </statBases>
    <costList>
	  <Gold>2</Gold>
      <Steel>40</Steel>
      <ComponentIndustrial>3</ComponentIndustrial>
    </costList>
    <verbs>
      <li>
        <verbClass>Verb_Shoot</verbClass>
        <hasStandardCommand>true</hasStandardCommand>
        <defaultProjectile>Bullet_PistolAmber</defaultProjectile>
        <warmupTime>0.3</warmupTime>
        <range>24</range>
        <soundCast>SoundGun_PistolAmber</soundCast>
        <soundCastTail>GunTail_Light</soundCastTail>
        <muzzleFlashScale>9</muzzleFlashScale>
      </li>
    </verbs>
    <tools>
      <li>
        <label>grip</label>
        <capacities>
          <li>Blunt</li>
        </capacities>
        <power>11</power>
        <cooldownTime>2</cooldownTime>
      </li>
      <li>
        <label>barrel</label>
        <capacities>
          <li>Blunt</li>
          <li>Poke</li>
        </capacities>
        <power>11</power>
        <cooldownTime>2</cooldownTime>
      </li>
    </tools>
  </ThingDef>



	 <ThingDef ParentName="BaseBullet">
    <defName>Bullet_AutopistolNeptune</defName>
    <label>autopistol "Neptune" bullet</label>
    <graphicData>
      <texPath>WProg/BulletNeptun</texPath>
      <graphicClass>Graphic_Single</graphicClass>
	  <shaderType>TransparentPostLight</shaderType>
    </graphicData>
    <projectile>
      <flyOverhead>false</flyOverhead>
      <damageDef>Bullet</damageDef>
      <damageAmountBase>5</damageAmountBase>
      <speed>55</speed>
	  <stoppingPower>1</stoppingPower>
    </projectile>
  </ThingDef>
  <ThingDef ParentName="BaseHumanMakeableGunMeh">
    <defName>Gun_AutopistolNeptune</defName>
    <label>"Neptune"</label>
    <description>Common Mechalit firearm. Was often used when it was necessary to disable the target, without killing it. Cheap, low damage, but high fire rate.</description>
    <graphicData>
      <texPath>Weapon/APNeptun</texPath>
      <graphicClass>Graphic_Single</graphicClass>
    </graphicData>
    <soundInteract>Interact_Autopistol</soundInteract>
	<generateCommonality>0.7</generateCommonality>
    <recipeMaker>
      <researchPrerequisite>SimpleMechaWeapon</researchPrerequisite>
	  	        <skillRequirements>
        <Crafting>4</Crafting>
      </skillRequirements>
    </recipeMaker>
	    <weaponTags>
      <li>MechaGunSimple</li>
    </weaponTags>
    <statBases>
			<WorkToMake>14000</WorkToMake>
			<Mass>2.2</Mass>
			<AccuracyTouch>0.9</AccuracyTouch>
			<AccuracyShort>0.7</AccuracyShort>
			<AccuracyMedium>0.4</AccuracyMedium>
			<AccuracyLong>0.2</AccuracyLong>
			<RangedWeapon_Cooldown>1.1</RangedWeapon_Cooldown>
		</statBases>
		<costList>
		    <Eftam>60</Eftam>
			<Steel>60</Steel>
			<ComponentIndustrial>4</ComponentIndustrial>
		</costList>
		<verbs>
			<li>
				<verbClass>Verb_Shoot</verbClass>
				<hasStandardCommand>true</hasStandardCommand>
				<defaultProjectile>Bullet_AutopistolNeptune</defaultProjectile>
				<warmupTime>0.65</warmupTime>
				<range>27</range>
				<burstShotCount>4</burstShotCount>
				<ticksBetweenBurstShots>5</ticksBetweenBurstShots>
				<soundCast>SoundGun_AutopistolNeptune</soundCast>
				<soundCastTail>GunTail_Light</soundCastTail>
				<muzzleFlashScale>9</muzzleFlashScale>
			</li>
		</verbs>
    <tools>
      <li>
        <label>grip</label>
        <capacities>
          <li>Blunt</li>
        </capacities>
        <power>12</power>
        <cooldownTime>2</cooldownTime>
      </li>
      <li>
        <label>barrel</label>
        <capacities>
          <li>Blunt</li>
          <li>Poke</li>
        </capacities>
        <power>12</power>
        <cooldownTime>2</cooldownTime>
      </li>
    </tools>
  </ThingDef>
	
	
	
	<ThingDef ParentName="BaseBullet">
    <defName>Bullet_PlasmaGun</defName>
    <label>plasma gun bullet</label>
    <projectile>
      <damageDef>Bullet</damageDef>
      <damageAmountBase>13</damageAmountBase>
      <speed>85</speed>
	  <stoppingPower>1.5</stoppingPower>
    </projectile>
    <graphicData>
      <texPath>WProg/BulletPlasmaGun</texPath>
      <graphicClass>Graphic_Single</graphicClass>
	  <shaderType>TransparentPostLight</shaderType>
    </graphicData>
  </ThingDef>
  <ThingDef ParentName="BaseHumanMakeableGunMeh">
    <defName>Gun_PlasmaGun</defName>
    <label>Plasmagun</label>
    <description>Two-barreled plasma rifle. Deals average damage over a long distance. Often used for hunting.</description>
    <graphicData>
      <texPath>Weapon/PlasmaGun</texPath>
      <graphicClass>Graphic_Single</graphicClass>
    </graphicData>
    <soundInteract>Interact_Rifle</soundInteract>
		<generateCommonality>0.6</generateCommonality>
		    <recipeMaker>
      <researchPrerequisite>AdvancedMechaWeapon</researchPrerequisite>
	  	        <skillRequirements>
        <Crafting>6</Crafting>
      </skillRequirements>
    </recipeMaker>
		    <weaponTags>
      <li>MechaGun</li>
    </weaponTags>
    <statBases>
      <WorkToMake>18000</WorkToMake>
      <Mass>3.1</Mass>
      <AccuracyTouch>0.8</AccuracyTouch>
      <AccuracyShort>0.92</AccuracyShort>
      <AccuracyMedium>0.95</AccuracyMedium>
      <AccuracyLong>0.93</AccuracyLong>
      <RangedWeapon_Cooldown>1.4</RangedWeapon_Cooldown>
    </statBases>
    <costList>
	  <Simerium>40</Simerium>
      <Steel>75</Steel>
      <ComponentIndustrial>6</ComponentIndustrial>
    </costList>
    <verbs>
      <li>
        <verbClass>Verb_Shoot</verbClass>
        <hasStandardCommand>true</hasStandardCommand>
        <defaultProjectile>Bullet_PlasmaGun</defaultProjectile>
        <warmupTime>1</warmupTime>
        <range>33</range>
		<burstShotCount>2</burstShotCount>
		<ticksBetweenBurstShots>6</ticksBetweenBurstShots>
        <soundCast>SoundGun_PlasmaGun</soundCast>
        <soundCastTail>GunTail_Heavy</soundCastTail>
        <muzzleFlashScale>9</muzzleFlashScale>
      </li>
    </verbs>
    <tools>
      <li>
        <label>stock</label>
        <capacities>
          <li>Blunt</li>
        </capacities>
        <power>13</power>
        <cooldownTime>2</cooldownTime>
      </li>
      <li>
        <label>barrel</label>
        <capacities>
          <li>Blunt</li>
          <li>Poke</li>
        </capacities>
        <power>13</power>
        <cooldownTime>2</cooldownTime>
      </li>
    </tools>
  </ThingDef>
	
	
	
	<ThingDef ParentName="BaseBullet">
		<defName>Bullet_MagmaGun</defName>
		<label>magma-gun bolt</label>
		<graphicData>
			<texPath>WProg/BulletMagma</texPath>
			<graphicClass>Graphic_Single</graphicClass>
			<shaderType>TransparentPostLight</shaderType>
		</graphicData>
		<projectile>
			<speed>70</speed>
			<damageDef>Flame</damageDef>
			<damageAmountBase>15</damageAmountBase>
			<stoppingPower>1</stoppingPower>
		</projectile>
	</ThingDef>
	<ThingDef ParentName="BaseHumanMakeableGunMeh">
		<defName>Gun_MagmaGun</defName>
		<label>"Flash"</label>
		<description>Shoots pieces of hot metal. Sometimes can set the target on fire.</description>
		<graphicData>
			<texPath>Weapon/MagmaGun</texPath>
			<graphicClass>Graphic_Single</graphicClass>
		</graphicData>
		<soundInteract>Interact_Rifle</soundInteract>
		<generateCommonality>0.4</generateCommonality>
				    <recipeMaker>
      <researchPrerequisite>AdvancedMechaWeapon</researchPrerequisite>
	  	        <skillRequirements>
        <Crafting>6</Crafting>
      </skillRequirements>
    </recipeMaker>
		    <weaponTags>
      <li>MechaGun</li>
    </weaponTags>
		<statBases>
			<WorkToMake>22000</WorkToMake>
			<Mass>3</Mass>
			<AccuracyTouch>0.7</AccuracyTouch>
			<AccuracyShort>0.8</AccuracyShort>
			<AccuracyMedium>0.8</AccuracyMedium>
			<AccuracyLong>0.7</AccuracyLong>
			<RangedWeapon_Cooldown>0.8</RangedWeapon_Cooldown>
		</statBases>
		<costList>
			<Steel>75</Steel>
			<Plasteel>20</Plasteel>
			<Tisnit>30</Tisnit>
			<Mechanites>2</Mechanites>
		</costList>
		<verbs>
			<li>
				<verbClass>Verb_Shoot</verbClass>
				<hasStandardCommand>true</hasStandardCommand>
				<defaultProjectile>Bullet_MagmaGun</defaultProjectile>
				<warmupTime>1</warmupTime>
				<range>25</range>
				<soundCast>SoundGun_MagmaGun</soundCast>
				<soundCastTail>GunTail_Medium</soundCastTail>
				<muzzleFlashScale>18</muzzleFlashScale>
			</li>
		</verbs>
    <tools>
      <li>
        <label>stock</label>
        <capacities>
          <li>Blunt</li>
        </capacities>
        <power>11</power>
        <cooldownTime>2</cooldownTime>
      </li>
      <li>
        <label>barrel</label>
        <capacities>
          <li>Blunt</li>
          <li>Poke</li>
        </capacities>
        <power>11</power>
        <cooldownTime>2</cooldownTime>
      </li>
    </tools>
	</ThingDef>
	
	
	
	
	 <ThingDef ParentName="BaseBullet">
    <defName>Bullet_PumpShotgunDolphin</defName>
    <label>shotgun Dolphin blast</label>
    <graphicData>
      <texPath>WProg/BulletShotGun</texPath>
      <graphicClass>Graphic_Single</graphicClass>
	  <shaderType>TransparentPostLight</shaderType>
    </graphicData>
    <projectile>
      <damageDef>Bullet</damageDef>
      <damageAmountBase>14</damageAmountBase>
      <speed>55</speed>
      <stoppingPower>2.5</stoppingPower>
    </projectile>
  </ThingDef>
  
	<ThingDef ParentName="BaseHumanMakeableGunMeh">
    <defName>Gun_ShotgunDolphin</defName>
    <label>"Dolphin"</label>
    <description>A powerful shotgun, used in assault missions. Deals huge damage on short distances.</description>
    <graphicData>
      <texPath>Weapon/Dolphin</texPath>
      <graphicClass>Graphic_Single</graphicClass>
    </graphicData>
    <soundInteract>Interact_Shotgun</soundInteract>
		<generateCommonality>0.4</generateCommonality>
    <recipeMaker>
      <researchPrerequisite>AdvancedMechaWeapon</researchPrerequisite>
	  	        <skillRequirements>
        <Crafting>7</Crafting>
      </skillRequirements>
    </recipeMaker>
		    <weaponTags>
      <li>MechaGun</li>
    </weaponTags>
    <statBases>
      <WorkToMake>40000</WorkToMake>
      <Mass>3</Mass>
      <AccuracyTouch>0.8</AccuracyTouch>
      <AccuracyShort>0.8</AccuracyShort>
      <AccuracyMedium>0.42</AccuracyMedium>
      <AccuracyLong>0.32</AccuracyLong>
      <RangedWeapon_Cooldown>0.6</RangedWeapon_Cooldown>
    </statBases>
    <costList>
      <Steel>80</Steel>
	  <Vilanit>40</Vilanit>
      <Mechanites>2</Mechanites>
    </costList>
    <verbs>
      <li>
        <verbClass>Verb_Shoot</verbClass>
        <hasStandardCommand>true</hasStandardCommand>
        <defaultProjectile>Bullet_PumpShotgunDolphin</defaultProjectile>
        <warmupTime>1</warmupTime>
        <range>17</range>
        <burstShotCount>3</burstShotCount>
        <ticksBetweenBurstShots>0</ticksBetweenBurstShots>
        <soundCast>SoundGun_Dolphin</soundCast>
        <soundCastTail>GunTail_Heavy</soundCastTail>
        <muzzleFlashScale>9</muzzleFlashScale>
      </li>
    </verbs>
    <tools>
      <li>
        <label>stock</label>
        <capacities>
          <li>Blunt</li>
        </capacities>
        <power>15</power>
        <cooldownTime>2</cooldownTime>
      </li>
      <li>
        <label>barrel</label>
        <capacities>
          <li>Blunt</li>
          <li>Poke</li>
        </capacities>
        <power>15</power>
        <cooldownTime>2</cooldownTime>
      </li>
    </tools>
  </ThingDef>
  
  
  
  
  <ThingDef ParentName="BaseBullet">
    <defName>Bullet_MechaRifle</defName>
    <label>mecha rifle bullet</label>
    <graphicData>
      <texPath>WProg/BulletMecha</texPath>
      <graphicClass>Graphic_Single</graphicClass>
	  <shaderType>TransparentPostLight</shaderType>
    </graphicData>
    <projectile>
      <damageDef>Bullet</damageDef>
      <damageAmountBase>26</damageAmountBase>
      <speed>110</speed>
	  <stoppingPower>2</stoppingPower>
    </projectile>
  </ThingDef>
  <ThingDef ParentName="BaseHumanMakeableGunMeh">
    <defName>Gun_MechaRifle</defName>
    <label>Mecharifle</label>
    <description>A Mechalit sniper rifle. Good rate of fire and average damage.</description>
    <graphicData>
      <texPath>Weapon/MechaRifle</texPath>
      <graphicClass>Graphic_Single</graphicClass>
    </graphicData>
    <soundInteract>Interact_Rifle</soundInteract>
    <recipeMaker>
      <researchPrerequisite>AdvancedMechaWeapon</researchPrerequisite>
	  	        <skillRequirements>
        <Crafting>8</Crafting>
      </skillRequirements>
    </recipeMaker>
    <statBases>
      <WorkToMake>45000</WorkToMake>
      <Mass>4</Mass>
      <AccuracyTouch>0.6</AccuracyTouch>
      <AccuracyShort>0.8</AccuracyShort>
      <AccuracyMedium>0.95</AccuracyMedium>
      <AccuracyLong>0.94</AccuracyLong>
      <RangedWeapon_Cooldown>1.9</RangedWeapon_Cooldown>
    </statBases>
	<equippedAngleOffset>45</equippedAngleOffset>
    <costList>
      <Steel>75</Steel>
	  <Plasteel>35</Plasteel>
	  <Vilanit>40</Vilanit>
      <Mechanites>3</Mechanites>
    </costList>
	<generateCommonality>0.3</generateCommonality>
    <verbs>
      <li>
        <verbClass>Verb_Shoot</verbClass>
        <hasStandardCommand>true</hasStandardCommand>
        <defaultProjectile>Bullet_MechaRifle</defaultProjectile>
        <warmupTime>1.2</warmupTime>
        <range>50</range>
        <soundCast>SoundGun_MechaRifle</soundCast>
        <soundCastTail>GunTail_Heavy</soundCastTail>
        <muzzleFlashScale>9</muzzleFlashScale>
      </li>
    </verbs>
    <tools>
      <li>
        <label>stock</label>
        <capacities>
          <li>Blunt</li>
        </capacities>
        <power>9</power>
        <cooldownTime>2</cooldownTime>
      </li>
      <li>
        <label>barrel</label>
        <capacities>
          <li>Blunt</li>
          <li>Poke</li>
        </capacities>
        <power>9</power>
        <cooldownTime>2</cooldownTime>
      </li>
    </tools>
    <weaponTags>
      <li>SniperRifle</li>
      <li>MechaGun</li>
    </weaponTags>
  </ThingDef>
	
	
		<ThingDef ParentName="BaseMeleeWeapon_Sharp_Quality">
    <defName>MeleeWeapon_PlasmBlade</defName>
    <label>"Rapier"</label>
    <description>Easy plasma blade. Does not do great damage, but has a high attack speed. Thanks to the built-in micro-turbines, the blade increases the speed of the owner's movement.</description>
    <graphicData>
      <texPath>Weapon/PlasmBlade</texPath>
      <graphicClass>Graphic_Single</graphicClass>
	  <shaderType>CutoutComplex</shaderType>
    </graphicData>
    <techLevel>Industrial</techLevel>
    <costStuffCount>100</costStuffCount>
    <statBases>
      <WorkToMake>38000</WorkToMake>
      <Mass>2</Mass>
    </statBases>
	<equippedStatOffsets>
      <MoveSpeed>2</MoveSpeed>
    </equippedStatOffsets>
    <equippedAngleOffset>-15</equippedAngleOffset>
    <stuffCategories>
      <li>Metallic</li>
    </stuffCategories>
	    <costList>
	  <Mechanites>3</Mechanites>
	  <Energx>15</Energx>
    </costList>
	    <weaponTags>
      <li>MechaMelee</li>
    </weaponTags>
    <tools>
      <li>
        <label>handle</label>
        <capacities>
          <li>Blunt</li>
        </capacities>
        <power>6</power>
        <cooldownTime>0.7</cooldownTime>
      </li>
      <li>
        <label>point</label>
        <capacities>
          <li>Stab</li>
        </capacities>
        <power>9</power>
        <cooldownTime>0.7</cooldownTime>
      </li>
      <li>
        <label>edge</label>
        <capacities>
          <li>Cut</li>
        </capacities>
        <power>9</power>
        <cooldownTime>0.7</cooldownTime>
      </li>
    </tools>
    <recipeMaker>
      <researchPrerequisite>AdvancedMechaWeapon</researchPrerequisite>
      <skillRequirements>
        <Crafting>7</Crafting>
      </skillRequirements>
	   <recipeUsers>
        <li>MechaWorkbench</li>
      </recipeUsers>
    </recipeMaker>
  </ThingDef>
	
	
		<ThingDef ParentName="BaseBullet">
    <defName>Bullet_TeachGun</defName>
    <label>Training Rifle bullet</label>
    <projectile>
      <damageDef>Bullet</damageDef>
      <damageAmountBase>3</damageAmountBase>
      <speed>75</speed>
	  <stoppingPower>0.5</stoppingPower>
    </projectile>
    <graphicData>
      <texPath>WProg/BulletTeachGun</texPath>
      <graphicClass>Graphic_Single</graphicClass>
	  <shaderType>TransparentPostLight</shaderType>
    </graphicData>
  </ThingDef>
  <ThingDef ParentName="BaseHumanMakeableGunMeh">
    <defName>Gun_TeachGun</defName>
    <label>Training Rifle</label>
    <description>Special training rifle. Has low DPS, but at the same time it is aimed at the target, practically without the participation of the owner. Due to the very high rate of fire it allows you to quickly increase the shooting skill of the owner, it is perfect for pawns with low shooting skills. Not effective against armored targets.</description>
    <graphicData>
      <texPath>Weapon/TeachGun</texPath>
      <graphicClass>Graphic_Single</graphicClass>
    </graphicData>
    <soundInteract>Interact_Rifle</soundInteract>
		<generateCommonality>0.2</generateCommonality>
		    <recipeMaker>
      <researchPrerequisite>AdvancedMechaWeapon</researchPrerequisite>
	  	        <skillRequirements>
        <Crafting>6</Crafting>
      </skillRequirements>
    </recipeMaker>
		 <equippedStatOffsets>
	  <ShootingAccuracyPawn>100</ShootingAccuracyPawn>
    </equippedStatOffsets>
	    <weaponTags>
      <li>MechaGun</li>
    </weaponTags>
    <statBases>
      <WorkToMake>22000</WorkToMake>
      <Mass>2.8</Mass>
      <AccuracyTouch>1.99</AccuracyTouch>
      <AccuracyShort>1.99</AccuracyShort>
      <AccuracyMedium>1.99</AccuracyMedium>
      <AccuracyLong>1.99</AccuracyLong>
      <RangedWeapon_Cooldown>0.3</RangedWeapon_Cooldown>
    </statBases>
    <costList>
	  <Teachmat>300</Teachmat>
	  <Simerium>75</Simerium>
      <Steel>75</Steel>
      <Mechanites>2</Mechanites>
    </costList>
    <verbs>
      <li>
        <verbClass>Verb_Shoot</verbClass>
        <hasStandardCommand>true</hasStandardCommand>
        <defaultProjectile>Bullet_TeachGun</defaultProjectile>
        <warmupTime>0.3</warmupTime>
        <range>27</range>
        <soundCast>SoundGun_TeachGun</soundCast>
        <!--soundCastTail>GunTail_Heavy</soundCastTail-->
        <muzzleFlashScale>9</muzzleFlashScale>
      </li>
    </verbs>
    <tools>
      <li>
        <label>stock</label>
        <capacities>
          <li>Blunt</li>
        </capacities>
        <power>3</power>
        <cooldownTime>0.5</cooldownTime>
      </li>
      <li>
        <label>barrel</label>
        <capacities>
          <li>Blunt</li>
          <li>Poke</li>
        </capacities>
        <power>3</power>
        <cooldownTime>0.5</cooldownTime>
      </li>
    </tools>
  </ThingDef>
	
	
	<ThingDef ParentName="BaseBullet">
    <defName>Bullet_MachineGunEclipse</defName>
    <label>"Eclipse" bullet</label>
    <graphicData>
      <texPath>WProg/BulletEclipse</texPath>
      <graphicClass>Graphic_Single</graphicClass>
	   <shaderType>TransparentPostLight</shaderType>
    </graphicData>
    <projectile>
      <damageDef>Bullet</damageDef>
      <damageAmountBase>14</damageAmountBase>
      <speed>55</speed>
	  <stoppingPower>1.5</stoppingPower>
    </projectile>
  </ThingDef>
  <ThingDef ParentName="BaseHumanMakeableGunMeh">
    <defName>Gun_MachineGunEclipse</defName>
    <label>"Eclipse"</label>
    <description>A Mechalit relic weapon. It's very rare and expensive to make. Deals huge damage, but psi-active artifacts in it can cause behavioral instability.</description>
    <graphicData>
      <texPath>Weapon/MGEclipse</texPath>
      <graphicClass>Graphic_Single</graphicClass>
    </graphicData>
    <soundInteract>Interact_Rifle</soundInteract>
    <statBases>
      <WorkToMake>80000</WorkToMake>
      <Mass>6</Mass>
      <AccuracyTouch>0.42</AccuracyTouch>
      <AccuracyShort>0.41</AccuracyShort>
      <AccuracyMedium>0.32</AccuracyMedium>
      <AccuracyLong>0.33</AccuracyLong>
      <RangedWeapon_Cooldown>1.4</RangedWeapon_Cooldown>
    </statBases>
    <costList>
      <Myrithium>150</Myrithium>
	  <Mechanites>15</Mechanites>
	  <PsychicInsanityLance>2</PsychicInsanityLance>
	  <PsychicShockLance>2</PsychicShockLance>
    </costList>
	<generateCommonality>0.1</generateCommonality>
		<recipeMaker>
      <researchPrerequisite>EliteMechaWeapons</researchPrerequisite>
	  	        <skillRequirements>
        <Crafting>12</Crafting>
      </skillRequirements>
    </recipeMaker>
    <techLevel>Industrial</techLevel>
    <weaponTags>
      <li>SpacerGunMecha</li>
    </weaponTags>
    <equippedStatOffsets>
      <MoveSpeed>-0.3</MoveSpeed>
	  <MentalBreakThreshold>0.15</MentalBreakThreshold>
    </equippedStatOffsets>
    <verbs>
      <li>
        <verbClass>Verb_Shoot</verbClass>
        <hasStandardCommand>true</hasStandardCommand>
        <defaultProjectile>Bullet_MachineGunEclipse</defaultProjectile>
        <warmupTime>2</warmupTime>
        <range>28</range>
		<burstShotCount>30</burstShotCount>
        <ticksBetweenBurstShots>2</ticksBetweenBurstShots>
        <soundCast>SoundGun_Eclipse</soundCast>
        <soundCastTail>GunTail_Medium</soundCastTail>
        <muzzleFlashScale>9</muzzleFlashScale>
        <targetParams>
          <canTargetLocations>true</canTargetLocations>
        </targetParams>
      </li>
    </verbs>
    <tools>
      <li>
        <label>barrels</label>
        <capacities>
          <li>Blunt</li>
        </capacities>
        <power>15</power>
        <cooldownTime>2</cooldownTime>
      </li>
    </tools>
  </ThingDef>
  
  
  <ThingDef ParentName="BaseBullet">
    <defName>Bullet_Lord</defName>
    <label> "Lord" bullet</label>
    <graphicData>
      <texPath>WProg/BulletLord</texPath>
      <graphicClass>Graphic_Single</graphicClass>
	  <shaderType>TransparentPostLight</shaderType>
    </graphicData>
    <projectile>
      <flyOverhead>false</flyOverhead>
      <damageDef>Bullet</damageDef>
      <damageAmountBase>39</damageAmountBase>
	  <armorPenetrationBase>1.2</armorPenetrationBase>
      <speed>70</speed>
	  <stoppingPower>5</stoppingPower>
    </projectile>
  </ThingDef>
  <ThingDef ParentName="BaseHumanMakeableGunMeh">
    <defName>Gun_Lord</defName>
    <label>"Lord"</label>
    <description>A powerful cannon that shoots clusters of clean energy. Has a low range of fire, but very high damage. It is put on the arm and thanks to the harmonious work of the mechanics, charged with energy cells, improves the parameters of the owner.</description>
    <graphicData>
      <texPath>Weapon/Lord</texPath>
      <graphicClass>Graphic_Single</graphicClass>
    </graphicData>
    <soundInteract>Interact_ChargeLance</soundInteract>
	<generateCommonality>0.1</generateCommonality>
    <recipeMaker>
      <researchPrerequisite>EliteMechaWeapons</researchPrerequisite>
	        <skillRequirements>
        <Crafting>12</Crafting>
      </skillRequirements>
    </recipeMaker>
    <weaponTags>
      <li>SpacerGunMecha</li>
    </weaponTags>
    <statBases>
      <WorkToMake>70000</WorkToMake>
      <Mass>10</Mass>
      <AccuracyTouch>0.90</AccuracyTouch>
      <AccuracyShort>0.80</AccuracyShort>
      <AccuracyMedium>0.70</AccuracyMedium>
      <AccuracyLong>0.50</AccuracyLong>
      <RangedWeapon_Cooldown>0.9</RangedWeapon_Cooldown>
    </statBases>
    <costList>
      <Myrithium>130</Myrithium>
	  <Mechanites>12</Mechanites>
	  <Energx>40</Energx>
    </costList>
    <verbs>
      <li>
        <verbClass>Verb_Shoot</verbClass>
        <hasStandardCommand>true</hasStandardCommand>
        <defaultProjectile>Bullet_Lord</defaultProjectile>
        <warmupTime>0.4</warmupTime>
        <range>23</range>
        <soundCast>SoundGun_NewOne</soundCast>
        <soundCastTail>GunTail_Light</soundCastTail>
        <muzzleFlashScale>9</muzzleFlashScale>
      </li>
    </verbs>
	    <equippedStatOffsets>
      <MoveSpeed>1.5</MoveSpeed>
	  <RestRateMultiplier>0.5</RestRateMultiplier>
    </equippedStatOffsets>
    <tools>
      <li>
        <label>grip</label>
        <capacities>
          <li>Blunt</li>
        </capacities>
        <power>11</power>
        <cooldownTime>2</cooldownTime>
      </li>
      <li>
        <label>barrel</label>
        <capacities>
          <li>Blunt</li>
          <li>Poke</li>
        </capacities>
        <power>11</power>
        <cooldownTime>2</cooldownTime>
      </li>
    </tools>
  </ThingDef>
	
	
	<ThingDef ParentName="BaseBullet">
    <defName>Bullet_MachineGunEclipseGold</defName>
    <label>"Eclipse Gold" bullet</label>
    <graphicData>
      <texPath>WProg/BulletEclipseGold</texPath>
      <graphicClass>Graphic_Single</graphicClass>
	   <shaderType>TransparentPostLight</shaderType>
    </graphicData>
    <projectile>
      <damageDef>Bullet</damageDef>
      <damageAmountBase>20</damageAmountBase>
      <speed>55</speed>
	  <stoppingPower>1.5</stoppingPower>
    </projectile>
  </ThingDef>
  <ThingDef ParentName="BaseGunWithQuality">
    <defName>Gun_MachineGunEclipseGold</defName>
    <label>"Eclipse Gold"</label>
    <description>A Mechalit relic weapon. It's very rare and expensive to make. The Golden version is stronger than the Eclipse machine gun. But it cannot be obtained in any way. Only elite defenders of the Meсhalit faction deserve to wear it.</description>
    <graphicData>
      <texPath>Weapon/MGEclipseGold</texPath>
      <graphicClass>Graphic_Single</graphicClass>
    </graphicData>
    <soundInteract>Interact_Rifle</soundInteract>
    <statBases>
      <MarketValue>12000</MarketValue>
      <Mass>6</Mass>
      <AccuracyTouch>0.62</AccuracyTouch>
      <AccuracyShort>0.61</AccuracyShort>
      <AccuracyMedium>0.52</AccuracyMedium>
      <AccuracyLong>0.53</AccuracyLong>
      <RangedWeapon_Cooldown>1.4</RangedWeapon_Cooldown>
    </statBases>
	<generateCommonality>0.01</generateCommonality>
    <techLevel>Industrial</techLevel>
    <destroyOnDrop>true</destroyOnDrop>
    <tradeability>None</tradeability>
    <weaponTags>
      <li>SpacerGunMechaGold</li>
    </weaponTags>
    <equippedStatOffsets>
      <MoveSpeed>2</MoveSpeed>
	  <MentalBreakThreshold>-0.3</MentalBreakThreshold>
    </equippedStatOffsets>
    <verbs>
      <li>
        <verbClass>Verb_Shoot</verbClass>
        <hasStandardCommand>true</hasStandardCommand>
        <defaultProjectile>Bullet_MachineGunEclipseGold</defaultProjectile>
        <warmupTime>2</warmupTime>
        <range>42</range>
		<burstShotCount>30</burstShotCount>
        <ticksBetweenBurstShots>2</ticksBetweenBurstShots>
        <soundCast>SoundGun_Eclipse</soundCast>
        <soundCastTail>GunTail_Medium</soundCastTail>
        <muzzleFlashScale>9</muzzleFlashScale>
        <targetParams>
          <canTargetLocations>true</canTargetLocations>
        </targetParams>
      </li>
    </verbs>
    <tools>
      <li>
        <label>barrels</label>
        <capacities>
          <li>Blunt</li>
        </capacities>
        <power>25</power>
        <cooldownTime>2</cooldownTime>
      </li>
    </tools>
  </ThingDef>
	
	

	
</Defs>
