﻿<?xml version="1.0" encoding="utf-8" ?>
<Defs>

  <ThingDef ParentName="ApparelMakeableBaseMeh">
    <defName>Apparel_TrainBelt</defName>
		<label>train belt</label>
    <description>It is attached to the waist and connects to the spinal cord. It facilitates the rapid assimilation of information and the improvement of muscle memory, and therefore increases the learning factor for everything. Side effects: reduces the speed of work, the rate of absorption of food, increases the threshold of nervous breakdown. The training belt is necessary for colonists with a low level of any skill in order to develop it as quickly as possible.</description>
		<graphicData>
      <texPath>Other2/TrainBeltO</texPath>
      <graphicClass>Graphic_Single</graphicClass>
    </graphicData>
    <tickerType>Normal</tickerType>
    <statBases>
      <Mass>5</Mass>
      <WorkToMake>18000</WorkToMake>
      <Flammability>0.2</Flammability>
      <EquipDelay>2</EquipDelay>
	  <ArmorRating_Sharp>0.3</ArmorRating_Sharp>
	  <ArmorRating_Blunt>0.3</ArmorRating_Blunt>
      <ArmorRating_Heat>0.3</ArmorRating_Heat>
      <Insulation_Cold>4</Insulation_Cold>
      <Insulation_Heat>2</Insulation_Heat>
    </statBases>
	    <equippedStatOffsets>
			<GlobalLearningFactor>1.5</GlobalLearningFactor>
			<WorkSpeedGlobal>-0.75</WorkSpeedGlobal>
				  <MentalBreakThreshold>0.1</MentalBreakThreshold>
    </equippedStatOffsets>
    <costList>
      <Teachmat>400</Teachmat>
      <Plasteel>40</Plasteel>
	  <Mechanites>4</Mechanites>
	  <Energx>4</Energx>
    </costList>
		<recipeMaker>
			<unfinishedThingDef>UnfinishedBelt</unfinishedThingDef>
			<researchPrerequisite>MechaBelts</researchPrerequisite>
			<workSpeedStat>GeneralLaborSpeed</workSpeedStat>
			<workSkill>Crafting</workSkill>
			<effectWorking>Smith</effectWorking>
			<soundWorking>Recipe_Machining</soundWorking>
      <skillRequirements>
        <Crafting>4</Crafting>
      </skillRequirements>
		</recipeMaker>
    <thingCategories>
      <li>ApparelUtility</li>
    </thingCategories>
	<generateAllowChance>0.1</generateAllowChance>
     <apparel>
      <scoreOffset>4</scoreOffset>
      <wornGraphicPath>Other2/TrainBelt</wornGraphicPath>
      <wornGraphicData>
        <renderUtilityAsPack>true</renderUtilityAsPack>
        <east>
          <offset>(-0.3,-0.1)</offset>
          <thin><offset>(0.05,0)</offset></thin>
          <hulk><offset>(-0.1,0)</offset></hulk>
          <fat><offset>(-0.15,0)</offset></fat>
        </east>
        <west>
          <offset>(0.3,-0.1)</offset>
          <thin><offset>(-0.05,0)</offset></thin>
          <hulk><offset>(0.1,0)</offset></hulk>
          <fat><offset>(0.15,0)</offset></fat>
        </west>
		 <north>
          <offset>(0,-0.1)</offset>
        </north>
		<south>
          <offset>(0,-0.1)</offset>
        </south>
        <male>  <scale>(0.75,0.75)</scale></male>
        <female><scale>(0.75,0.75)</scale></female>
        <thin>  <scale>(0.7,0.7)</scale></thin>
        <hulk>  <scale>(0.9,0.9)</scale></hulk>
        <fat>   <scale>(0.9,0.9)</scale></fat>

      </wornGraphicData>
      <careIfWornByCorpse>false</careIfWornByCorpse>
      <careIfDamaged>false</careIfDamaged>
      <wearPerDay>0</wearPerDay>
      <bodyPartGroups>
        <li>Waist</li>
      </bodyPartGroups>
      <layers>
        <li>Belt</li>
      </layers>
      <tags>
        <li>SpacerMilitary</li>
		<li>IndustrialMilitaryAdvanced</li>
      </tags>
    </apparel>
  </ThingDef>

<ThingDef ParentName="ApparelBase">
    <defName>Apparel_MagneticShieldMech</defName>
    <label>Kinetic Shield</label>
    <description>High tech equipment fractions "Mechalit". Creates kinetic field around the owner, slowing down shells the reducing any received owners damage. At shield there is active the ability "Launch superheated power cell"- type of explosion - EMP, radius explosion -  5 cells. One throw requires one power cell. .</description>
    <techLevel>Industrial</techLevel>
    <comps>
      <li Class="CompProperties_Reloadable">
        <maxCharges>1</maxCharges>
        <ammoDef>Energx</ammoDef>
        <ammoCountPerCharge>1</ammoCountPerCharge>
        <baseReloadTicks>60</baseReloadTicks>
        <soundReload>Standard_Reload</soundReload>
        <hotKey>Misc4</hotKey>
        <chargeNoun>Power Cell</chargeNoun>
        <displayGizmoWhileUndrafted>false</displayGizmoWhileUndrafted>
      </li>
    </comps>
    <verbs>
      <li>
        <label>launch power cell</label>
        <verbClass>Verb_LaunchProjectileStatic</verbClass>
        <hasStandardCommand>true</hasStandardCommand>
        <onlyManualCast>True</onlyManualCast>
        <range>22</range>
        <forcedMissRadius>3</forcedMissRadius>
        <warmupTime>1.5</warmupTime>
        <noiseRadius>4</noiseRadius>
        <ai_IsBuildingDestroyer>false</ai_IsBuildingDestroyer>
        <soundCast>PsychicInsanityLanceCast</soundCast>
        <soundCastTail>GunTail_Medium</soundCastTail>
        <muzzleFlashScale>14</muzzleFlashScale>
        <drawHighlightWithLineOfSight>true</drawHighlightWithLineOfSight>
        <targetParams>
          <canTargetLocations>true</canTargetLocations>
        </targetParams>
        <defaultProjectile>Proj_EnergyCell</defaultProjectile>
        <rangedFireRulepack>Combat_RangedFire_Thrown</rangedFireRulepack>
      </li>        
    </verbs>
    <recipeMaker>
      <unfinishedThingDef>UnfinishedPack</unfinishedThingDef>
      <researchPrerequisite>MechaBelts</researchPrerequisite>
      <recipeUsers>
        <li>MechaWorkbench</li>
      </recipeUsers>
      <useIngredientsForColor>false</useIngredientsForColor>
      <workSpeedStat>GeneralLaborSpeed</workSpeedStat>
      <workSkill>Crafting</workSkill>
      <effectWorking>Smith</effectWorking>
      <soundWorking>Recipe_Machining</soundWorking>
      <skillRequirements>
        <Crafting>6</Crafting>
      </skillRequirements>
    </recipeMaker>
    <costList>
      <Elementx>20</Elementx>
	  <Mechanites>2</Mechanites>
	  <Energx>2</Energx>
    </costList>
    <graphicData>
      <texPath>Other2/MagneticShieldO</texPath>
      <graphicClass>Graphic_Single</graphicClass>
    </graphicData>
    <tickerType>Normal</tickerType>
    <statBases>
	      <MaxHitPoints>400</MaxHitPoints>
      <WorkToMake>20000</WorkToMake>
      <Mass>4</Mass>
      <Flammability>0.4</Flammability>
      <EquipDelay>2</EquipDelay>
      <ArmorRating_Sharp>0.5</ArmorRating_Sharp>
	  <ArmorRating_Blunt>0.4</ArmorRating_Blunt>
      <ArmorRating_Heat>0.3</ArmorRating_Heat>
      <Insulation_Cold>7</Insulation_Cold>
      <Insulation_Heat>3</Insulation_Heat>
    </statBases>
	    <equippedStatOffsets>
      <IncomingDamageFactor>-0.15</IncomingDamageFactor>
    </equippedStatOffsets>
    <thingSetMakerTags>
      <li>RewardStandardMidFreq</li>
    </thingSetMakerTags>
    <thingCategories>
      <li>ApparelUtility</li>
    </thingCategories>
    <apparel>
      <scoreOffset>4</scoreOffset>
      <wornGraphicPath>Other2/MagneticShield</wornGraphicPath>
      <wornGraphicData>
        <renderUtilityAsPack>true</renderUtilityAsPack>
        <east>
          <offset>(-0.35,-0.05)</offset>
          <thin><offset>(0.05,0)</offset></thin>
          <hulk><offset>(-0.1,0)</offset></hulk>
          <fat><offset>(-0.15,0)</offset></fat>
        </east>
        <west>
          <offset>(0.35,-0.05)</offset>
          <thin><offset>(-0.05,0)</offset></thin>
          <hulk><offset>(0.1,0)</offset></hulk>
          <fat><offset>(0.15,0)</offset></fat>
        </west>
        <male>  <scale>(0.85,0.85)</scale></male>
        <female><scale>(0.8,0.8)</scale></female>
        <thin>  <scale>(0.75,0.75)</scale></thin>
        <hulk>  <scale>(0.95,0.95)</scale></hulk>
        <fat>   <scale>(0.95,0.95)</scale></fat>

      </wornGraphicData>
      <careIfWornByCorpse>false</careIfWornByCorpse>
      <careIfDamaged>false</careIfDamaged>
      <wearPerDay>0</wearPerDay>
      <bodyPartGroups>
        <li>Waist</li>
			  	<li>Torso</li>
      </bodyPartGroups>
      <layers>
        <li>Belt</li>
      </layers>
      <tags>
        <li>SpacerMilitary</li>
		<li>IndustrialMilitaryAdvanced</li>
      </tags>
    </apparel>
    <tradeTags>
      <li>ExoticMisc</li>
    </tradeTags>
  </ThingDef>
  
    <ThingDef ParentName="BaseFragGrenadeProjectile">
    <defName>Proj_EnergyCell</defName>
    <label>Energy sell</label>
  <thingClass>Projectile_Explosive</thingClass>
    <graphicData>
      <texPath>Other2/energ3</texPath>
      <graphicClass>Graphic_Single</graphicClass>
    </graphicData>
    <projectile>
	      <damageAmountBase>100</damageAmountBase>
	   <speed>30</speed>
      <explosionRadius>3</explosionRadius>
      <damageDef>EMP</damageDef>
      <!-- Use default damage from explosion def -->
      <explosionDelay>20</explosionDelay>
    </projectile>
  </ThingDef>
  
  
  
  <ThingDef ParentName="ApparelBase">
    <defName>Apparel_AngelShieldMech</defName>
    <label>Owl Shield</label>
    <description>High tech equipment fraeld around the owner, slowing down shells the reducing any received owners damage. At shield there is active the ability "Launch superheated power cell"- type of explosion - EMP, radius explosion -  5 cells. One throw requires one power cell. .</description>
    <techLevel>Spacer</techLevel>
    <comps>
      <li Class="CompProperties_Reloadable">
        <maxCharges>2</maxCharges>
        <ammoDef>Energx</ammoDef>
        <ammoCountPerCharge>1</ammoCountPerCharge>
        <baseReloadTicks>60</baseReloadTicks>
        <soundReload>Standard_Reload</soundReload>
        <hotKey>Misc4</hotKey>
        <chargeNoun>Power Cell</chargeNoun>
        <displayGizmoWhileUndrafted>false</displayGizmoWhileUndrafted>
      </li>
    </comps>
    <verbs>
      <li>
        <label>launch power cell</label>
        <verbClass>Verb_LaunchProjectileStatic</verbClass>
        <hasStandardCommand>true</hasStandardCommand>
        <onlyManualCast>True</onlyManualCast>
        <range>30</range>
        <forcedMissRadius>2</forcedMissRadius>
        <warmupTime>0.1</warmupTime>
        <noiseRadius>4</noiseRadius>
        <ai_IsBuildingDestroyer>false</ai_IsBuildingDestroyer>
        <soundCast>PsychicInsanityLanceCast</soundCast>
        <soundCastTail>GunTail_Medium</soundCastTail>
        <muzzleFlashScale>14</muzzleFlashScale>
        <drawHighlightWithLineOfSight>true</drawHighlightWithLineOfSight>
        <targetParams>
          <canTargetLocations>true</canTargetLocations>
        </targetParams>
        <defaultProjectile>Proj_EnergyCell</defaultProjectile>
        <rangedFireRulepack>Combat_RangedFire_Thrown</rangedFireRulepack>
      </li>        
    </verbs>
    <graphicData>
      <texPath>MBelts/ShieldAngelQ2</texPath>
      <graphicClass>Graphic_Single</graphicClass>
    </graphicData>
    <tickerType>Normal</tickerType>
    <statBases>
	<MarketValue>3600</MarketValue>
	      <MaxHitPoints>1500</MaxHitPoints>
      <Mass>2</Mass>
      <Flammability>0.4</Flammability>
      <EquipDelay>5</EquipDelay>
      <ArmorRating_Sharp>0.7</ArmorRating_Sharp>
	  <ArmorRating_Blunt>0.5</ArmorRating_Blunt>
      <ArmorRating_Heat>0.8</ArmorRating_Heat>
      <Insulation_Cold>7</Insulation_Cold>
      <Insulation_Heat>5</Insulation_Heat>
    </statBases>
	    <equippedStatOffsets>
      <IncomingDamageFactor>-0.2</IncomingDamageFactor>
	        <MoveSpeed>3</MoveSpeed>
				        <Mass>-50</Mass>
    </equippedStatOffsets>
    <thingSetMakerTags>
      <li>RewardStandardHighFreq</li>
    </thingSetMakerTags>
    <thingCategories>
      <li>ApparelUtility</li>
    </thingCategories>
    <apparel>
      <scoreOffset>4</scoreOffset>
      <wornGraphicPath>MBelts/ShieldAngel2</wornGraphicPath>
      <wornGraphicData>
        <renderUtilityAsPack>true</renderUtilityAsPack>
        <east>
          <offset>(-0.25,-0.05)</offset>
          <thin><offset>(0.05,0)</offset></thin>
          <hulk><offset>(-0.1,0)</offset></hulk>
          <fat><offset>(-0.15,0)</offset></fat>
        </east>
        <west>
          <offset>(0.25,-0.05)</offset>
          <thin><offset>(-0.05,0)</offset></thin>
          <hulk><offset>(0.1,0)</offset></hulk>
          <fat><offset>(0.15,0)</offset></fat>
        </west>
        <male>  <scale>(1.0,0.95)</scale></male>
        <female><scale>(0.9,0.85)</scale></female>
        <thin>  <scale>(0.8,0.8)</scale></thin>
        <hulk>  <scale>(1.2,1.1)</scale></hulk>
        <fat>   <scale>(1.1,1.0)</scale></fat>

      </wornGraphicData>
      <careIfWornByCorpse>false</careIfWornByCorpse>
      <careIfDamaged>false</careIfDamaged>
      <wearPerDay>0</wearPerDay>
      <bodyPartGroups>
        <li>Waist</li>
			  	<li>Torso</li>
      </bodyPartGroups>
      <layers>
        <li>Belt</li>
      </layers>
      <tags>
        <li>SpacerMilitaryMechaBelt</li>
      </tags>
    </apparel>
			<tradeability>Sellable</tradeability>
  </ThingDef>
 
  
  <ThingDef ParentName="ApparelBase">
    <defName>Apparel_BastionShieldMech</defName>
    <label>Bastion Shield</label>
    <description>High tech equipment fraeld around the owner, slowing down shells the reducing any received owners damage. At shield there is active the ability "Launch superheated power cell"- type of explosion - EMP, radius explosion -  5 cells. One throw requires one power cell. .</description>
    <techLevel>Spacer</techLevel>
		      <thingClass>ShieldBelt</thingClass>
    <graphicData>
      <texPath>MBelts/BastionShieldO</texPath>
      <graphicClass>Graphic_Single</graphicClass>
    </graphicData>
    <tickerType>Normal</tickerType>
    <statBases>
	<MarketValue>3600</MarketValue>
	      <MaxHitPoints>1800</MaxHitPoints>
      <Mass>3</Mass>
      <Flammability>0.4</Flammability>
      <EquipDelay>6</EquipDelay>
      <ArmorRating_Sharp>0.95</ArmorRating_Sharp>
	  <ArmorRating_Blunt>0.8</ArmorRating_Blunt>
      <ArmorRating_Heat>0.9</ArmorRating_Heat>
      <Insulation_Cold>8</Insulation_Cold>
      <Insulation_Heat>6</Insulation_Heat>
	        <EnergyShieldRechargeRate>0.18</EnergyShieldRechargeRate>
      <EnergyShieldEnergyMax>2.2</EnergyShieldEnergyMax>
    </statBases>
	    <equippedStatOffsets>
      <IncomingDamageFactor>-0.3</IncomingDamageFactor>
    </equippedStatOffsets>
    <thingSetMakerTags>
      <li>RewardStandardHighFreq</li>
    </thingSetMakerTags>
    <thingCategories>
      <li>ApparelUtility</li>
    </thingCategories>
    <apparel>
      <scoreOffset>4</scoreOffset>
      <wornGraphicPath>MBelts/BastionShield</wornGraphicPath>
      <wornGraphicData>
        <renderUtilityAsPack>true</renderUtilityAsPack>
        <east>
          <offset>(-0.35,-0.05)</offset>
          <thin><offset>(0.05,0)</offset></thin>
          <hulk><offset>(-0.1,0)</offset></hulk>
          <fat><offset>(-0.15,0)</offset></fat>
        </east>
        <west>
          <offset>(0.35,-0.05)</offset>
          <thin><offset>(-0.05,0)</offset></thin>
          <hulk><offset>(0.1,0)</offset></hulk>
          <fat><offset>(0.15,0)</offset></fat>
        </west>
        <male>  <scale>(0.9,0.9)</scale></male>
        <female><scale>(0.7,0.7)</scale></female>
        <thin>  <scale>(0.75,0.75)</scale></thin>
        <hulk>  <scale>(1.0,1.0)</scale></hulk>
        <fat>   <scale>(0.95,0.95)</scale></fat>

      </wornGraphicData>
      <careIfWornByCorpse>false</careIfWornByCorpse>
      <careIfDamaged>false</careIfDamaged>
      <wearPerDay>0</wearPerDay>
      <bodyPartGroups>
        <li>Waist</li>
			  	<li>Torso</li>
      </bodyPartGroups>
      <layers>
        <li>Belt</li>
      </layers>
      <tags>
        <li>BeltDefense</li>
      </tags>
    </apparel>
			<tradeability>Sellable</tradeability>
  </ThingDef>
  
   <ThingDef ParentName="ApparelBase">
    <defName>Apparel_AbsoluteShieldMech</defName>
    <label>"Absolute" Shield</label>
    <description>High tech equipment fraeld around the owner, slowing down shells the reducing any received owners damage. At shield there is active the ability "Launch superheated power cell"- type of explosion - EMP, radius explosion -  5 cells. One throw requires one power cell. .</description>
    <techLevel>Spacer</techLevel>
    <comps>
      <li Class="CompProperties_Reloadable">
        <maxCharges>2</maxCharges>
        <ammoDef>Energx</ammoDef>
        <ammoCountPerCharge>1</ammoCountPerCharge>
        <baseReloadTicks>60</baseReloadTicks>
        <soundReload>Standard_Reload</soundReload>
        <hotKey>Misc4</hotKey>
        <chargeNoun>Power Cell</chargeNoun>
        <displayGizmoWhileUndrafted>false</displayGizmoWhileUndrafted>
      </li>
    </comps>
    <verbs>
      <li>
        <label>shoot absolute</label>
        <verbClass>Verb_LaunchProjectileStatic</verbClass>
        <hasStandardCommand>true</hasStandardCommand>
        <onlyManualCast>True</onlyManualCast>
        <range>45</range>
        <forcedMissRadius>4</forcedMissRadius>
        <warmupTime>0</warmupTime>
        <noiseRadius>4</noiseRadius>
        <ai_IsBuildingDestroyer>false</ai_IsBuildingDestroyer>
        <soundCast>SoundGun_MechaTurretAbs</soundCast>
        <soundCastTail>GunTail_Medium</soundCastTail>
        <muzzleFlashScale>14</muzzleFlashScale>
        <drawHighlightWithLineOfSight>true</drawHighlightWithLineOfSight>
        <targetParams>
          <canTargetLocations>true</canTargetLocations>
        </targetParams>
        <defaultProjectile>Bullet_Turret_Absolute</defaultProjectile>
        <rangedFireRulepack>Combat_RangedFire_Thrown</rangedFireRulepack>
      </li>        
    </verbs>
    <graphicData>
      <texPath>MBelts/AbsoluteShieldO</texPath>
      <graphicClass>Graphic_Single</graphicClass>
    </graphicData>
    <tickerType>Normal</tickerType>
    <statBases>
	<MarketValue>3600</MarketValue>
	      <MaxHitPoints>1200</MaxHitPoints>
      <Mass>3</Mass>
      <Flammability>0.4</Flammability>
      <EquipDelay>5</EquipDelay>
      <ArmorRating_Sharp>0.6</ArmorRating_Sharp>
	  <ArmorRating_Blunt>0.4</ArmorRating_Blunt>
      <ArmorRating_Heat>0.7</ArmorRating_Heat>
      <Insulation_Cold>5</Insulation_Cold>
      <Insulation_Heat>3</Insulation_Heat>
    </statBases>
	    <equippedStatOffsets>
      <IncomingDamageFactor>-0.2</IncomingDamageFactor>
	  	        <MoveSpeed>1.5</MoveSpeed>
				        <Mass>-20</Mass>
    </equippedStatOffsets>
    <thingSetMakerTags>
      <li>RewardStandardHighFreq</li>
    </thingSetMakerTags>
    <thingCategories>
      <li>ApparelUtility</li>
    </thingCategories>
    <apparel>
      <scoreOffset>4</scoreOffset>
      <wornGraphicPath>MBelts/AbsoluteShield</wornGraphicPath>
      <wornGraphicData>
        <renderUtilityAsPack>true</renderUtilityAsPack>
        <east>
          <offset>(-0.25,-0.05)</offset>
          <thin><offset>(0.05,0)</offset></thin>
          <hulk><offset>(-0.1,0)</offset></hulk>
          <fat><offset>(-0.15,0)</offset></fat>
        </east>
        <west>
          <offset>(0.25,-0.05)</offset>
          <thin><offset>(-0.05,0)</offset></thin>
          <hulk><offset>(0.1,0)</offset></hulk>
          <fat><offset>(0.15,0)</offset></fat>
        </west>
        <male>  <scale>(1.2,1.2)</scale></male>
        <female><scale>(0.95,0.95)</scale></female>
        <thin>  <scale>(0.95,0.95)</scale></thin>
        <hulk>  <scale>(1.3,1.3)</scale></hulk>
        <fat>   <scale>(1.3,1.3)</scale></fat>

      </wornGraphicData>
      <careIfWornByCorpse>false</careIfWornByCorpse>
      <careIfDamaged>false</careIfDamaged>
      <wearPerDay>0</wearPerDay>
      <bodyPartGroups>
        <li>Waist</li>
			  	<li>Torso</li>
      </bodyPartGroups>
      <layers>
        <li>Belt</li>
      </layers>
      <tags>
        <li>SpacerMilitaryMechaBelt</li>
      </tags>
    </apparel>
			<tradeability>Sellable</tradeability>
  </ThingDef>
 

</Defs>
