<?xml version="1.0" encoding="utf-8"?>
<Defs>

	<SoundDef>
		<defName>SoundGun_PistolAmber</defName>
		<eventNames />   <context>MapOnly</context>
		<maxSimultaneous>1</maxSimultaneous>
		<subSounds>
			<li>
				<grains>
					<li Class="AudioGrain_Clip">
						<clipPath>Things/PistolAmber</clipPath>
					</li>
				</grains>
				<pitchRange>
					<min>0.9</min>
					<max>1.05</max>
				</pitchRange>
			</li>
		</subSounds>
	</SoundDef>
	
		<SoundDef>
		<defName>SoundGun_AutopistolNeptune</defName>
		<eventNames />   <context>MapOnly</context>
		<maxSimultaneous>1</maxSimultaneous>
		<subSounds>
			<li>
				<grains>
					<li Class="AudioGrain_Clip">
						<clipPath>Things/AutoPistolNeptun</clipPath>
					</li>
				</grains>
				<pitchRange>
					<min>0.9</min>
					<max>1.05</max>
				</pitchRange>
			</li>
		</subSounds>
	</SoundDef>

		
		<SoundDef>
		<defName>SoundGun_PlasmaGun</defName>
		<eventNames />   <context>MapOnly</context>
		<maxSimultaneous>1</maxSimultaneous>
		<subSounds>
			<li>
				<grains>
					<li Class="AudioGrain_Clip">
						<clipPath>Things/PlasmaGun</clipPath>
					</li>
				</grains>
				<pitchRange>
					<min>0.9</min>
					<max>1.05</max>
				</pitchRange>
			</li>
		</subSounds>
	</SoundDef>
	

			<SoundDef>
		<defName>SoundGun_MagmaGun</defName>
		<eventNames />   <context>MapOnly</context>
		<maxSimultaneous>1</maxSimultaneous>
		<subSounds>
			<li>
				<grains>
					<li Class="AudioGrain_Clip">
						<clipPath>Things/MagmaGun</clipPath>
					</li>
				</grains>
				<pitchRange>
					<min>0.9</min>
					<max>1.05</max>
				</pitchRange>
			</li>
		</subSounds>
	</SoundDef>
	
	
			<SoundDef>
		<defName>SoundGun_Dolphin</defName>
		<eventNames />   <context>MapOnly</context>
		<maxSimultaneous>1</maxSimultaneous>
		<subSounds>
			<li>
				<grains>
					<li Class="AudioGrain_Clip">
						<clipPath>Things/ShotGunDolphin</clipPath>
					</li>
				</grains>
				<pitchRange>
					<min>0.9</min>
					<max>1.05</max>
				</pitchRange>
			</li>
		</subSounds>
	</SoundDef>
	
	
				<SoundDef>
		<defName>SoundGun_MechaRifle</defName>
		<eventNames />   <context>MapOnly</context>
		<maxSimultaneous>1</maxSimultaneous>
		<subSounds>
			<li>
				<grains>
					<li Class="AudioGrain_Clip">
						<clipPath>Things/MechaRifle</clipPath>
					</li>
				</grains>
				<pitchRange>
					<min>0.9</min>
					<max>1.05</max>
				</pitchRange>
			</li>
		</subSounds>
	</SoundDef>
	
	
					<SoundDef>
		<defName>SoundGun_Eclipse</defName>
		<eventNames />   <context>MapOnly</context>
		<maxSimultaneous>1</maxSimultaneous>
		<subSounds>
			<li>
				<grains>
					<li Class="AudioGrain_Clip">
						<clipPath>Things/Eclipse</clipPath>
					</li>
				</grains>
				<pitchRange>
					<min>0.9</min>
					<max>1.05</max>
				</pitchRange>
			</li>
		</subSounds>
	</SoundDef>
	
						<SoundDef>
		<defName>SoundGun_NewOne</defName>
		<eventNames />   <context>MapOnly</context>
		<maxSimultaneous>1</maxSimultaneous>
		<subSounds>
			<li>
				<grains>
					<li Class="AudioGrain_Clip">
						<clipPath>Things/NewOne</clipPath>
					</li>
				</grains>
				<pitchRange>
					<min>0.9</min>
					<max>1.05</max>
				</pitchRange>
			</li>
		</subSounds>
	</SoundDef>
	
							<SoundDef>
		<defName>SoundGun_TeachGun</defName>
		<eventNames />   <context>MapOnly</context>
		<maxSimultaneous>1</maxSimultaneous>
		<subSounds>
			<li>
				<grains>
					<li Class="AudioGrain_Clip">
						<clipPath>Things/TeachGun</clipPath>
					</li>
				</grains>
				<pitchRange>
					<min>0.9</min>
					<max>1.05</max>
				</pitchRange>
			</li>
		</subSounds>
	</SoundDef>
	
							<SoundDef>
		<defName>SoundGun_Gaston</defName>
		<eventNames />   <context>MapOnly</context>
		<maxSimultaneous>1</maxSimultaneous>
		<subSounds>
			<li>
				<grains>
					<li Class="AudioGrain_Clip">
						<clipPath>Things/Gaston</clipPath>
					</li>
				</grains>
				<pitchRange>
					<min>0.9</min>
					<max>1.05</max>
				</pitchRange>
			</li>
		</subSounds>
	</SoundDef>
	
	
</Defs>