﻿<?xml version="1.0" encoding="utf-8" ?>
<Defs>
  
  <ThingDef ParentName="ArmorHelmetMakeableBaseMeh">
    <defName>Apparel_STacticalHelmetMeh</defName>
    <label>Tactical helmet</label>
    <description>An advanced helmet with visor. Protects your head and makes you shots more accurate.</description>
    <techLevel>Industrial</techLevel>
    <graphicData>
      <texPath>head-TacticalHelmet/TacticalHelmet</texPath>
      <graphicClass>Graphic_Single</graphicClass>
    </graphicData>
	    <recipeMaker>
      <researchPrerequisite>MechaHelmets</researchPrerequisite>
	        <skillRequirements>
        <Crafting>6</Crafting>
      </skillRequirements>
    </recipeMaker>
    <stuffCategories>
      <li>Metallic</li>
    </stuffCategories>
		<costStuffCount>40</costStuffCount>
	  <costList>
	  <Plasteel>60</Plasteel>
      <ComponentIndustrial>5</ComponentIndustrial>
    </costList>
		<statBases>
			<WorkToMake>15000</WorkToMake>
			<MaxHitPoints>250</MaxHitPoints>
			<Mass>2</Mass>
      <StuffEffectMultiplierArmor>0.8</StuffEffectMultiplierArmor>
      <StuffEffectMultiplierInsulation_Cold>0.25</StuffEffectMultiplierInsulation_Cold>
      <StuffEffectMultiplierInsulation_Heat>0.1</StuffEffectMultiplierInsulation_Heat>
      <EquipDelay>2.5</EquipDelay>
		</statBases>
		<equippedStatOffsets>
			<MoveSpeed>-0.05</MoveSpeed>
			<ShootingAccuracyPawn>0.30</ShootingAccuracyPawn>
			<AimingDelayFactor>-0.1</AimingDelayFactor>
		</equippedStatOffsets>
		<apparel>
      <bodyPartGroups>
        <li>UpperHead</li>
      </bodyPartGroups>
      <wornGraphicPath>head-TacticalHelmet/TacticalHelmet</wornGraphicPath>
      <layers>
        <li>Overhead</li>
      </layers>
      <tags>
        <li>SpacerMilitary</li>
		<li>IndustrialMilitaryAdvanced</li>
      </tags>
      <defaultOutfitTags>
        <li>Soldier</li>
      </defaultOutfitTags>
    </apparel>
					<tradeTags>
			<li>MechaSell</li>
		</tradeTags>
		    <thingCategories>
      <li>ArmorHeadgear</li>
    </thingCategories>
  </ThingDef>
  
   <ThingDef ParentName="ArmorHelmetMakeableBaseMeh">
    <defName>Apparel_HelmetPumaMeh</defName>
    <label>Puma helmet</label>
    <description>A special helmet, used by melee fighters of the Mechalit. It terrifies enemies and fills wearer with confidence. An advanced tactical software enhances fighter's melee efficiency, while special covering protects from psi-effects. Offers small protection, compared to power armor helmet.</description>
    <techLevel>Spacer</techLevel>
    <recipeMaker>
      <researchPrerequisite>MechaHelmets</researchPrerequisite>
	        <skillRequirements>
        <Crafting>8</Crafting>
      </skillRequirements>
    </recipeMaker>
    <graphicData>
      <texPath>head-HelmetPuma/HelmetPuma</texPath>
      <graphicClass>Graphic_Single</graphicClass>
    </graphicData>
    <statBases>
      <WorkToMake>15000</WorkToMake>
      <MaxHitPoints>240</MaxHitPoints>
      <Mass>3</Mass>
      <StuffEffectMultiplierArmor>0.9</StuffEffectMultiplierArmor>
      <StuffEffectMultiplierInsulation_Cold>0.3</StuffEffectMultiplierInsulation_Cold>
      <StuffEffectMultiplierInsulation_Heat>0.2</StuffEffectMultiplierInsulation_Heat>
      <EquipDelay>4</EquipDelay>
    </statBases>
    <equippedStatOffsets>
      <MoveSpeed>-0.15</MoveSpeed>
	  <MeleeHitChance>10</MeleeHitChance>
	  <MeleeDodgeChance>10</MeleeDodgeChance>
	  <MentalBreakThreshold>-0.05</MentalBreakThreshold>
    </equippedStatOffsets>
    <stuffCategories>
      <li>Metallic</li>
    </stuffCategories>
		<costStuffCount>50</costStuffCount>
	  <costList>
      <Eftam>180</Eftam>
	  <ComponentIndustrial>8</ComponentIndustrial>
    </costList>
		<generateCommonality>0.6</generateCommonality>
	<apparel>
			<bodyPartGroups>
				<li>FullHead</li>
			</bodyPartGroups>
			<wornGraphicPath>head-HelmetPuma/HelmetPuma</wornGraphicPath>
			<layers>
				<li>Overhead</li>
			</layers>
			<tags>
        <li>SpacerMilitary</li>
		<li>IndustrialMilitaryAdvanced</li>
      </tags>
      <defaultOutfitTags>
        <li>Soldier</li>
      </defaultOutfitTags>
    </apparel>
		<tradeTags>
			<li>MechaSell</li>
		</tradeTags>
		    <thingCategories>
      <li>ArmorHeadgear</li>
    </thingCategories>
  </ThingDef>
  
  <ThingDef ParentName="ArmorHelmetMakeableBaseMeh">
    <defName>Apparel_HelmetMechalitMeh</defName>
    <label>Mechalit helmet</label>
    <description>A high-tech helmet with visor and psi-protection. Offers good protection against all types of damage. A high-class tactical software assits in aiming. The same armor of the "Mechalit" and "Renegades Mechalit" factions does not differ in characteristics, but only has a different color corresponding to the faction</description>
    <techLevel>Spacer</techLevel>
    <recipeMaker>
      <unfinishedThingDef>UnfinishedTechArmor</unfinishedThingDef>
      <researchPrerequisite>ArmorMechalit</researchPrerequisite>
	        <skillRequirements>
        <Crafting>12</Crafting>
      </skillRequirements>
    </recipeMaker>
    <graphicData>
      <texPath>head-HelmetMechalit/HelmetMechalit</texPath>
      <graphicClass>Graphic_Single</graphicClass>
    </graphicData>
    <statBases>
      <WorkToMake>40000</WorkToMake>
      <MaxHitPoints>280</MaxHitPoints>
      <Mass>2</Mass>
      <ArmorRating_Sharp>1.12</ArmorRating_Sharp>
	  <ArmorRating_Blunt>0.5</ArmorRating_Blunt>
      <ArmorRating_Heat>0.6</ArmorRating_Heat>
      <Insulation_Cold>6</Insulation_Cold>
      <Insulation_Heat>4</Insulation_Heat>
	  <EquipDelay>3</EquipDelay>
    </statBases>
    <equippedStatOffsets>
			<ShootingAccuracyPawn>2</ShootingAccuracyPawn>
			<AimingDelayFactor>-0.2</AimingDelayFactor>	
    </equippedStatOffsets>
    <costList>
      <Mechanites>2</Mechanites>
      <Myrithium>30</Myrithium>
	  <Elementx>15</Elementx>
	  <Energx>5</Energx>
    </costList>
		<generateCommonality>0.9</generateCommonality>
		<apparel>
			<bodyPartGroups>
				<li>FullHead</li>
			</bodyPartGroups>
			<wornGraphicPath>head-HelmetMechalit/HelmetMechalit</wornGraphicPath>
			<layers>
				<li>Overhead</li>
			</layers>
			<tags>
        <li>SpacerMilitary</li>
      </tags>
      <defaultOutfitTags>
        <li>Soldier</li>
      </defaultOutfitTags>
    </apparel>
	    <thingSetMakerTags>
      <li>RewardStandardHighFreq</li>
    </thingSetMakerTags>
	    <thingCategories>
      <li>ArmorHeadgear</li>
    </thingCategories>
			<tradeTags>
			<li>MechaSell</li>
		</tradeTags>
  </ThingDef>
  
  <ThingDef ParentName="ArmorHelmetMakeableBaseMeh">
    <defName>Apparel_HelmetMechalitEliteMeh</defName>
    <label>Mechalit prestige helmet</label>
    <description>A high-tech prestige helmet with visor and psi-protection. Offers good protection against all types of damage. A high-class tactical software assits in aiming. The same armor of the "Mechalit" and "Renegades Mechalit" factions does not differ in characteristics, but only has a different color corresponding to the faction</description>
    <techLevel>Spacer</techLevel>
    <recipeMaker>
      <unfinishedThingDef>UnfinishedTechArmor</unfinishedThingDef>
      <researchPrerequisite>ArmorMechalit</researchPrerequisite>
	        <skillRequirements>
        <Crafting>12</Crafting>
      </skillRequirements>
    </recipeMaker>
    <graphicData>
      <texPath>head-HelmetMechalitElite/HelmetMechalitE</texPath>
      <graphicClass>Graphic_Single</graphicClass>
    </graphicData>
    <statBases>
      <WorkToMake>70000</WorkToMake>
      <MaxHitPoints>280</MaxHitPoints>
      <Mass>2</Mass>
      <ArmorRating_Sharp>1.12</ArmorRating_Sharp>
	  <ArmorRating_Blunt>0.5</ArmorRating_Blunt>
      <ArmorRating_Heat>0.6</ArmorRating_Heat>
      <Insulation_Cold>6</Insulation_Cold>
      <Insulation_Heat>4</Insulation_Heat>
	  <EquipDelay>3</EquipDelay>
    </statBases>
    <equippedStatOffsets>
			<ShootingAccuracyPawn>2</ShootingAccuracyPawn>
			<AimingDelayFactor>-0.2</AimingDelayFactor>	
			      <SocialImpact>0.20</SocialImpact>
    </equippedStatOffsets>
    <costList>
      <Mechanites>2</Mechanites>
      <Myrithium>30</Myrithium>
	  <Elementx>25</Elementx>
	  <Energx>5</Energx>
	  <Gold>7</Gold>
    </costList>
		<generateCommonality>0.3</generateCommonality>
		<apparel>
			<bodyPartGroups>
				<li>FullHead</li>
			</bodyPartGroups>
			<wornGraphicPath>head-HelmetMechalitElite/HelmetMechalitE</wornGraphicPath>
			<layers>
				<li>Overhead</li>
			</layers>
			<tags>
        <li>SpacerMilitary</li>
      </tags>
      <defaultOutfitTags>
        <li>Soldier</li>
      </defaultOutfitTags>
    </apparel>
	    <thingSetMakerTags>
      <li>RewardStandardHighFreq</li>
    </thingSetMakerTags>
	    <thingCategories>
      <li>ArmorHeadgear</li>
    </thingCategories>
			<tradeTags>
			<li>MechaSell</li>
		</tradeTags>
  </ThingDef>
  
  <ThingDef ParentName="ApparelBase">
    <defName>Apparel_HelmetLegacyEliteMeh</defName>
    <label>"Legacy" helmet</label>
    <description>"Legacy" ("Legacy") - this decorative-looking helmet is actually an ancient development of the best minds of the "Mechalit" faction - nowadays an irreproducible technology. This helmet was designed for the deserved high commanders of the faction, it not only emphasizes the status of the owner, but also protects him well. The built-in neural network shows the target's vulnerabilities and all trajectories of movement, greatly helping the owner both in close combat and in long-range combat. But the main feature of this helmet is its "" invulnerability. "The lost technology of mechanite regeneration instantly restores any damage to the helmet, and over time the helmet does not wear out. Fathers pass it on to their children, and those to their children, which is why the helmet got this name. This helmet cannot be bought. or crafted on the machine in the usual way. With the included Royalty add-on, the helmet improves the psi characteristics of the wearer and is suitable for nobility by the title of Count "inclusive. The same armor of the "Mechalit" and "Mechalit Renegades" factions does not differ in characteristics, but only has a different color corresponding to the faction.</description>
    <techLevel>Spacer</techLevel>
    <graphicData>
      <texPath>head-HelmetLegacy/HelmetLegacyQ</texPath>
      <graphicClass>Graphic_Single</graphicClass>
    </graphicData>
    <statBases>
<MarketValue>2500</MarketValue>
      <Mass>2</Mass>
      <ArmorRating_Sharp>1.35</ArmorRating_Sharp>
	  <ArmorRating_Blunt>0.7</ArmorRating_Blunt>
      <ArmorRating_Heat>0.9</ArmorRating_Heat>
      <Insulation_Cold>9</Insulation_Cold>
      <Insulation_Heat>7</Insulation_Heat>
	  <EquipDelay>5</EquipDelay>
	        <DeteriorationRate>0</DeteriorationRate>
			      <Flammability>0</Flammability>
    </statBases>
	<smeltable>false</smeltable>
    <equippedStatOffsets>
			<ShootingAccuracyPawn>3</ShootingAccuracyPawn>
			<AimingDelayFactor>-0.3</AimingDelayFactor>	
				  <MeleeHitChance>15</MeleeHitChance>
	  <MeleeDodgeChance>15</MeleeDodgeChance>
			      <SocialImpact>0.3</SocialImpact>
    </equippedStatOffsets>
		<generateCommonality>0.1</generateCommonality>
		<apparel>
			<bodyPartGroups>
				<li>FullHead</li>
			</bodyPartGroups>
			<wornGraphicPath>head-HelmetLegacy/HelmetLegacyQ</wornGraphicPath>
			<layers>
				<li>Overhead</li>
			</layers>
			<tags>
        <li>SpacerMilitary</li>
      </tags>
      <defaultOutfitTags>
        <li>Soldier</li>
      </defaultOutfitTags>
	        <careIfWornByCorpse>false</careIfWornByCorpse>
    </apparel>
		<useHitPoints>false</useHitPoints>
			    <thingSetMakerTags>
      <li>RewardStandardHighFreq</li>
    </thingSetMakerTags>
	<tradeability>Sellable</tradeability>
	    <thingCategories>
      <li>ArmorHeadgear</li>
    </thingCategories>
			<tradeTags>
			<li>MechaSell</li>
		</tradeTags>
  </ThingDef>
  
  
  	  <!--==================== RED RENEGAT ======================== -->
  
    <ThingDef ParentName="ArmorHelmetMakeableBaseMeh">
    <defName>Apparel_HelmetMechalitMehRRR</defName>
    <label>R-Mechalit helmet</label>
    <description>A high-tech helmet with visor and psi-protection. Offers good protection against all types of damage. A high-class tactical software assits in aiming. The same armor of the "Mechalit" and "Renegades Mechalit" factions does not differ in characteristics, but only has a different color corresponding to the faction</description>
    <techLevel>Spacer</techLevel>
    <recipeMaker>
      <unfinishedThingDef>UnfinishedTechArmor</unfinishedThingDef>
      <researchPrerequisite>ArmorMechalit</researchPrerequisite>
	        <skillRequirements>
        <Crafting>12</Crafting>
      </skillRequirements>
    </recipeMaker>
    <graphicData>
      <texPath>head-HelmetMechalitR/HelmetMechalit</texPath>
      <graphicClass>Graphic_Single</graphicClass>
    </graphicData>
    <statBases>
      <WorkToMake>40000</WorkToMake>
      <MaxHitPoints>280</MaxHitPoints>
      <Mass>2</Mass>
      <ArmorRating_Sharp>1.12</ArmorRating_Sharp>
	  <ArmorRating_Blunt>0.5</ArmorRating_Blunt>
      <ArmorRating_Heat>0.6</ArmorRating_Heat>
      <Insulation_Cold>6</Insulation_Cold>
      <Insulation_Heat>4</Insulation_Heat>
	  <EquipDelay>3</EquipDelay>
    </statBases>
    <equippedStatOffsets>
			<ShootingAccuracyPawn>2</ShootingAccuracyPawn>
			<AimingDelayFactor>-0.2</AimingDelayFactor>	
    </equippedStatOffsets>
    <costList>
      <Mechanites>2</Mechanites>
      <Myrithium>30</Myrithium>
	  <Elementx>15</Elementx>
	  <Energx>5</Energx>
    </costList>
		<generateCommonality>0.9</generateCommonality>
		<apparel>
			<bodyPartGroups>
				<li>FullHead</li>
			</bodyPartGroups>
			<wornGraphicPath>head-HelmetMechalitR/HelmetMechalit</wornGraphicPath>
			<layers>
				<li>Overhead</li>
			</layers>
			<tags>
        <li>SpacerMilitary</li>
      </tags>
      <defaultOutfitTags>
        <li>Soldier</li>
      </defaultOutfitTags>
    </apparel>
	    <thingSetMakerTags>
      <li>RewardStandardHighFreq</li>
    </thingSetMakerTags>
	    <thingCategories>
      <li>ArmorHeadgear</li>
    </thingCategories>
			<tradeTags>
			<li>MechaSell</li>
		</tradeTags>
  </ThingDef>
  
  <ThingDef ParentName="ArmorHelmetMakeableBaseMeh">
    <defName>Apparel_HelmetMechalitEliteMehRRR</defName>
    <label>R-Mechalit prestige helmet</label>
    <description>A high-tech prestige helmet with visor and psi-protection. Offers good protection against all types of damage. A high-class tactical software assits in aiming. The same armor of the "Mechalit" and "Renegades Mechalit" factions does not differ in characteristics, but only has a different color corresponding to the faction</description>
    <techLevel>Spacer</techLevel>
    <recipeMaker>
      <unfinishedThingDef>UnfinishedTechArmor</unfinishedThingDef>
      <researchPrerequisite>ArmorMechalit</researchPrerequisite>
	        <skillRequirements>
        <Crafting>12</Crafting>
      </skillRequirements>
    </recipeMaker>
    <graphicData>
      <texPath>head-HelmetMechalitEliteR/HelmetMechalitE</texPath>
      <graphicClass>Graphic_Single</graphicClass>
    </graphicData>
    <statBases>
      <WorkToMake>70000</WorkToMake>
      <MaxHitPoints>280</MaxHitPoints>
      <Mass>2</Mass>
      <ArmorRating_Sharp>1.12</ArmorRating_Sharp>
	  <ArmorRating_Blunt>0.5</ArmorRating_Blunt>
      <ArmorRating_Heat>0.6</ArmorRating_Heat>
      <Insulation_Cold>6</Insulation_Cold>
      <Insulation_Heat>4</Insulation_Heat>
	  <EquipDelay>3</EquipDelay>
    </statBases>
    <equippedStatOffsets>
			<ShootingAccuracyPawn>2</ShootingAccuracyPawn>
			<AimingDelayFactor>-0.2</AimingDelayFactor>	
			      <SocialImpact>0.20</SocialImpact>
    </equippedStatOffsets>
    <costList>
      <Mechanites>2</Mechanites>
      <Myrithium>30</Myrithium>
	  <Elementx>25</Elementx>
	  <Energx>5</Energx>
	  <Gold>7</Gold>
    </costList>
		<generateCommonality>0.3</generateCommonality>
		<apparel>
			<bodyPartGroups>
				<li>FullHead</li>
			</bodyPartGroups>
			<wornGraphicPath>head-HelmetMechalitEliteR/HelmetMechalitE</wornGraphicPath>
			<layers>
				<li>Overhead</li>
			</layers>
			<tags>
        <li>SpacerMilitary</li>
      </tags>
      <defaultOutfitTags>
        <li>Soldier</li>
      </defaultOutfitTags>
    </apparel>
	    <thingSetMakerTags>
      <li>RewardStandardHighFreq</li>
    </thingSetMakerTags>
	    <thingCategories>
      <li>ArmorHeadgear</li>
    </thingCategories>
			<tradeTags>
			<li>MechaSell</li>
		</tradeTags>
  </ThingDef>
  
  <ThingDef ParentName="ApparelBase">
    <defName>Apparel_HelmetLegacyEliteMehRRR</defName>
    <label>"R-Legacy" helmet</label>
    <description>"Legacy" ("Legacy") - this decorative-looking helmet is actually an ancient development of the best minds of the "Mechalit Renegats" faction - nowadays an irreproducible technology. This helmet was designed for the deserved high commanders of the faction, it not only emphasizes the status of the owner, but also protects him well. The built-in neural network shows the target's vulnerabilities and all trajectories of movement, greatly helping the owner both in close combat and in long-range combat. But the main feature of this helmet is its "" invulnerability. "The lost technology of mechanite regeneration instantly restores any damage to the helmet, and over time the helmet does not wear out. Fathers pass it on to their children, and those to their children, which is why the helmet got this name. This helmet cannot be bought. or crafted on the machine in the usual way. With the included Royalty add-on, the helmet improves the psi characteristics of the wearer and is suitable for nobility by the title of Count "inclusive. The same armor of the "Mechalit" and "Mechalit Renegades" factions does not differ in characteristics, but only has a different color corresponding to the faction.</description>
    <techLevel>Spacer</techLevel>
    <graphicData>
      <texPath>head-HelmetLegacyR/HelmetLegacyQ</texPath>
      <graphicClass>Graphic_Single</graphicClass>
    </graphicData>
	<smeltable>false</smeltable>
    <statBases>
<MarketValue>2500</MarketValue>
      <Mass>2</Mass>
      <ArmorRating_Sharp>1.35</ArmorRating_Sharp>
	  <ArmorRating_Blunt>0.7</ArmorRating_Blunt>
      <ArmorRating_Heat>0.9</ArmorRating_Heat>
      <Insulation_Cold>9</Insulation_Cold>
      <Insulation_Heat>7</Insulation_Heat>
	  <EquipDelay>5</EquipDelay>
	        <DeteriorationRate>0</DeteriorationRate>
			      <Flammability>0</Flammability>
    </statBases>
    <equippedStatOffsets>
			<ShootingAccuracyPawn>3</ShootingAccuracyPawn>
			<AimingDelayFactor>-0.3</AimingDelayFactor>	
				  <MeleeHitChance>15</MeleeHitChance>
	  <MeleeDodgeChance>15</MeleeDodgeChance>
			      <SocialImpact>0.3</SocialImpact>
    </equippedStatOffsets>
		<generateCommonality>0.1</generateCommonality>
		<apparel>
			<bodyPartGroups>
				<li>FullHead</li>
			</bodyPartGroups>
			<wornGraphicPath>head-HelmetLegacyR/HelmetLegacyQ</wornGraphicPath>
			<layers>
				<li>Overhead</li>
			</layers>
			<tags>
        <li>SpacerMilitary</li>
      </tags>
      <defaultOutfitTags>
        <li>Soldier</li>
      </defaultOutfitTags>
	        <careIfWornByCorpse>false</careIfWornByCorpse>
    </apparel>
		<useHitPoints>false</useHitPoints>
			    <thingSetMakerTags>
      <li>RewardStandardHighFreq</li>
    </thingSetMakerTags>
	<tradeability>Sellable</tradeability>
	    <thingCategories>
      <li>ArmorHeadgear</li>
    </thingCategories>
			<tradeTags>
			<li>MechaSell</li>
		</tradeTags>
  </ThingDef>
  
  
</Defs>
