﻿<?xml version="1.0" encoding="utf-8" ?>
<Defs>



  <ThingDef Name="ApparelMakeableBaseMeh" ParentName="ApparelBase" Abstract="True">
    <recipeMaker>
      <workSpeedStat>GeneralLaborSpeed</workSpeedStat>
      <workSkill>Crafting</workSkill>
      <effectWorking>Tailor</effectWorking>
      <soundWorking>Recipe_Tailor</soundWorking>
      <recipeUsers>
        <li>MechaWorkbench</li>
      </recipeUsers>
      <unfinishedThingDef>UnfinishedApparel</unfinishedThingDef>
      <defaultIngredientFilter>
        <categories>
          <li>Root</li>
        </categories>
        <disallowedThingDefs>
          <li>Gold</li>
          <li>Silver</li>
          <li>Plasteel</li>
          <li>Jade</li>
          <li>Uranium</li>
        </disallowedThingDefs>
      </defaultIngredientFilter>
    </recipeMaker>
  </ThingDef>
  
  <ThingDef Name="ArmorMakeableBaseMeh" ParentName="ApparelBase" Abstract="True">
    <recipeMaker>
      <workSpeedStat>GeneralLaborSpeed</workSpeedStat>
      <workSkill>Crafting</workSkill>
      <effectWorking>Smith</effectWorking>
      <soundWorking>Recipe_Machining</soundWorking>
      <recipeUsers>
        <li>MechaWorkbench</li>
      </recipeUsers>
      <unfinishedThingDef>UnfinishedApparel</unfinishedThingDef>
      <defaultIngredientFilter>
        <categories>
          <li>Root</li>
        </categories>
        <disallowedThingDefs>
          <li>Gold</li>
          <li>Silver</li>
          <li>Plasteel</li>
          <li>Jade</li>
          <li>Uranium</li>
        </disallowedThingDefs>
      </defaultIngredientFilter>
    </recipeMaker>
			<tradeTags>
			<li>MechaSell</li>
		</tradeTags>
  </ThingDef>

  <ThingDef Name="ArmorHelmetMakeableBaseMeh" ParentName="ArmorMakeableBaseMeh" Abstract="True">
			<tradeTags>
			<li>MechaSell</li>
		</tradeTags>
  </ThingDef>
    <ThingDef Name="ArmorHelmetMakeableBaseMehTurbo" ParentName="ArmorMakeableBaseMeh" Abstract="True">
			<tradeTags>
			<li>MechaSellTurbo</li>
		</tradeTags>
  </ThingDef>
  
  
  

  <ThingDef ParentName="ApparelMakeableBaseMeh">
    <defName>Apparel_ThermalSuitMeh</defName>
    <label>Thermosuit</label>
    <description>Fully covers the body, keeping its temperature normal. Greatly protects from heat and cold, but offers almost no damage reduction.</description>
    <graphicData>
      <texPath>cos-ThermalSuit/ThermalUnd</texPath>
      <graphicClass>Graphic_Single</graphicClass>
    </graphicData>
    <costStuffCount>90</costStuffCount>
    <stuffCategories>
      <li>Fabric</li>
      <li>Leathery</li>
    </stuffCategories>
	<generateCommonality>0.2</generateCommonality>
    <thingCategories>
      <li>Apparel</li>
    </thingCategories>
    <statBases>
			<MaxHitPoints>250</MaxHitPoints>
			<WorkToMake>6000</WorkToMake>
      <Mass>1</Mass>
      <StuffEffectMultiplierArmor>0.4</StuffEffectMultiplierArmor>
      <StuffEffectMultiplierInsulation_Cold>0.6</StuffEffectMultiplierInsulation_Cold>
      <StuffEffectMultiplierInsulation_Heat>0.3</StuffEffectMultiplierInsulation_Heat>
      <EquipDelay>5</EquipDelay>
    </statBases>
    <apparel>
      <bodyPartGroups>
	  	<li>Torso</li>
		<li>Legs</li>
        <li>Shoulders</li>
		<li>Arms</li>
      </bodyPartGroups>
      <wornGraphicPath>cos-ThermalSuit/ThermalUnd</wornGraphicPath>
      <layers>
        <li>OnSkin</li>
      </layers>
      <tags>
        <li>IndustrialBasic</li>
      </tags>
      <defaultOutfitTags>
        <li>Worker</li>
        <li>Soldier</li>
      </defaultOutfitTags>
    </apparel>
    <colorGenerator Class="ColorGenerator_StandardApparel" />
 <recipeMaker>
      <researchPrerequisite>SimpleMechaTechnologies</researchPrerequisite>
    </recipeMaker>
					<tradeTags>
			<li>MechaSell</li>
		</tradeTags>
  </ThingDef>
  
   <ThingDef ParentName="ApparelMakeableBaseMeh">
    <defName>Apparel_ProtectiveSuitMeh</defName>
    <label>Protective suit</label>
    <description>Covers the whole body, protecting it from various types of damage. Slightly reduces movement and work speeds.</description>
    <graphicData>
      <texPath>cos-ProtectiveSuit/ProtectiveSuit</texPath>
      <graphicClass>Graphic_Single</graphicClass>
    </graphicData>
    <costStuffCount>75</costStuffCount>
    <stuffCategories>
      <li>Fabric</li>
      <li>Leathery</li>
    </stuffCategories>
	<costList>
      <ComponentIndustrial>1</ComponentIndustrial>
      <Steel>30</Steel>
    </costList>
	<generateCommonality>0.2</generateCommonality>
    <thingCategories>
      <li>Apparel</li>
    </thingCategories>
    <statBases>
			<MaxHitPoints>300</MaxHitPoints>
			<WorkToMake>7000</WorkToMake>
      <Mass>2</Mass>
      <StuffEffectMultiplierArmor>0.55</StuffEffectMultiplierArmor>
      <StuffEffectMultiplierInsulation_Cold>0.4</StuffEffectMultiplierInsulation_Cold>
      <StuffEffectMultiplierInsulation_Heat>0.15</StuffEffectMultiplierInsulation_Heat>
      <EquipDelay>6</EquipDelay>
    </statBases>
	  <equippedStatOffsets>
      <MoveSpeed>-0.1</MoveSpeed>
    </equippedStatOffsets>
    <apparel>
      <bodyPartGroups>
	  	<li>Torso</li>
		<li>Legs</li>
        <li>Shoulders</li>
		<li>Arms</li>
      </bodyPartGroups>
      <wornGraphicPath>cos-ProtectiveSuit/ProtectiveSuit</wornGraphicPath>
      <layers>
        <li>OnSkin</li>
      </layers>
      <tags>
        <li>IndustrialBasic</li>
      </tags>
      <defaultOutfitTags>
        <li>Worker</li>
        <li>Soldier</li>
      </defaultOutfitTags>
    </apparel>
    <colorGenerator Class="ColorGenerator_StandardApparel" />
 <recipeMaker>
      <researchPrerequisite>SimpleMechaTechnologies</researchPrerequisite>
    </recipeMaker>
					<tradeTags>
			<li>MechaSell</li>
		</tradeTags>
  </ThingDef>
  
  <ThingDef ParentName="ApparelMakeableBaseMeh">
    <defName>Apparel_WorkSuitMeh</defName>
    <label>Worker's exosuit</label>
    <description>Covers the whole body. Grants little protection, but increases movement and work speeds thanks to built-in servos.</description>
    <graphicData>
      <texPath>cos-WorkSuit/WorkClothes</texPath>
      <graphicClass>Graphic_Single</graphicClass>
    </graphicData>
    <costStuffCount>75</costStuffCount>
	    <recipeMaker>
      <researchPrerequisite>SimpleMechaTechnologies</researchPrerequisite>
    </recipeMaker>
    <stuffCategories>
      <li>Fabric</li>
      <li>Leathery</li>
    </stuffCategories>
	<costList>
      <ComponentIndustrial>1</ComponentIndustrial>
      <Steel>40</Steel>
    </costList>
	<generateCommonality>0.2</generateCommonality>
    <thingCategories>
      <li>Apparel</li>
    </thingCategories>
    <statBases>
			<MaxHitPoints>300</MaxHitPoints>
			<WorkToMake>8000</WorkToMake>
      <Mass>3</Mass>
      <StuffEffectMultiplierArmor>0.35</StuffEffectMultiplierArmor>
      <StuffEffectMultiplierInsulation_Cold>0.3</StuffEffectMultiplierInsulation_Cold>
      <StuffEffectMultiplierInsulation_Heat>0.15</StuffEffectMultiplierInsulation_Heat>
      <EquipDelay>8</EquipDelay>
    </statBases>
	  <equippedStatOffsets>
      <MoveSpeed>0.2</MoveSpeed>
      <WorkSpeedGlobal>0.1</WorkSpeedGlobal>
    </equippedStatOffsets>
    <apparel>
      <bodyPartGroups>
	  	<li>Torso</li>
		<li>Legs</li>
        <li>Shoulders</li>
		<li>Arms</li>
      </bodyPartGroups>
      <wornGraphicPath>cos-WorkSuit/WorkClothes</wornGraphicPath>
      <layers>
        <li>OnSkin</li>
      </layers>
      <tags>
        <li>IndustrialBasic</li>
        <li>SpacerMilitary</li>
      </tags>
      <defaultOutfitTags>
        <li>Worker</li>
        <li>Soldier</li>
      </defaultOutfitTags>
    </apparel>
    <colorGenerator Class="ColorGenerator_StandardApparel" />
					<tradeTags>
			<li>MechaSell</li>
		</tradeTags>
  </ThingDef>

  
  <ThingDef ParentName="ArmorMakeableBaseMeh">
    <defName>Apparel_ArmorMechalitMeh</defName>
    <label>Mechalit armor</label>
    <description>An equipment of Mechalit faction. A hi-tech piece of armor with mechanite controlled life support system. Greatly increases wearer's survival rate and boosts many of his stats. The same armor of the "Mechalit" and "Renegades Mechalit" factions does not differ in characteristics, but only has a different color corresponding to the faction</description>
    <techLevel>Spacer</techLevel>
    <recipeMaker>
      <unfinishedThingDef>UnfinishedTechArmor</unfinishedThingDef>
      <researchPrerequisite>ArmorMechalit</researchPrerequisite>
	        <skillRequirements>
        <Crafting>12</Crafting>
      </skillRequirements>
    </recipeMaker>
    <graphicData>
      <texPath>ArmorMechalit/ArmorMechalit</texPath>
      <graphicClass>Graphic_Single</graphicClass>
    </graphicData>
    <statBases>
      <WorkToMake>90000</WorkToMake>
      <MaxHitPoints>800</MaxHitPoints>
      <Mass>8</Mass>
      <ArmorRating_Sharp>1.12</ArmorRating_Sharp>
	  <ArmorRating_Blunt>0.5</ArmorRating_Blunt>
      <ArmorRating_Heat>0.6</ArmorRating_Heat>
      <Insulation_Cold>35</Insulation_Cold>
      <Insulation_Heat>11</Insulation_Heat>
	        <EquipDelay>18</EquipDelay>
    </statBases>
    <equippedStatOffsets>
			<MoveSpeed>0.1</MoveSpeed>
			 <WorkSpeedGlobal>0.15</WorkSpeedGlobal>
    </equippedStatOffsets>
    <thingCategories>
      <li>ApparelArmor</li>
    </thingCategories>
    <costList>
      <Mechanites>8</Mechanites>
      <Myrithium>75</Myrithium>
	  <Elementx>45</Elementx>
	  <MechaCloth>45</MechaCloth>
    </costList>
		<generateCommonality>0.8</generateCommonality>
		<apparel>
			<bodyPartGroups>
				<li>Torso</li>
        <li>Neck</li>
				<li>Shoulders</li>
				<li>Arms</li>
				<li>Legs</li>
			</bodyPartGroups>
			<wornGraphicPath>ArmorMechalit/ArmorMechalit</wornGraphicPath>
			<layers>
				<li>Middle</li>
				<li>Shell</li>
			</layers>
	  <tags>
        <li>SpacerMilitary</li>
      </tags>
      <defaultOutfitTags>
        <li>Soldier</li>
      </defaultOutfitTags>
    </apparel>
		    <thingSetMakerTags>
      <li>RewardStandardHighFreq</li>
    </thingSetMakerTags>
  </ThingDef>
  
    <ThingDef ParentName="ArmorMakeableBaseMeh">
    <defName>Apparel_ArmorMechalitEliteMeh</defName>
    <label>Mechalit prestige armor</label>
    <description>An prestige equipment of Mechalit faction for Royalty. A hi-tech piece of armor with mechanite controlled life support system. Greatly increases wearer's survival rate and boosts many of his stats. The same armor of the "Mechalit" and "Renegades Mechalit" factions does not differ in characteristics, but only has a different color corresponding to the faction</description>
    <techLevel>Spacer</techLevel>
    <recipeMaker>
      <unfinishedThingDef>UnfinishedTechArmor</unfinishedThingDef>
      <researchPrerequisite>ArmorMechalit</researchPrerequisite>
	        <skillRequirements>
        <Crafting>12</Crafting>
      </skillRequirements>
    </recipeMaker>
    <graphicData>
      <texPath>ArmorMechalitElite/ArmorMechalit</texPath>
      <graphicClass>Graphic_Single</graphicClass>
    </graphicData>
    <statBases>
      <WorkToMake>120000</WorkToMake>
      <MaxHitPoints>1400</MaxHitPoints>
      <Mass>8</Mass>
      <ArmorRating_Sharp>1.12</ArmorRating_Sharp>
	  <ArmorRating_Blunt>0.5</ArmorRating_Blunt>
      <ArmorRating_Heat>0.6</ArmorRating_Heat>
      <Insulation_Cold>35</Insulation_Cold>
      <Insulation_Heat>11</Insulation_Heat>
	        <EquipDelay>18</EquipDelay>
    </statBases>
    <equippedStatOffsets>
			<MoveSpeed>0.1</MoveSpeed>
			 <WorkSpeedGlobal>0.1</WorkSpeedGlobal>
			       <SocialImpact>0.3</SocialImpact>
    </equippedStatOffsets>
    <thingCategories>
      <li>ApparelArmor</li>
    </thingCategories>
    <costList>
      <Mechanites>8</Mechanites>
      <Myrithium>75</Myrithium>
	  <Elementx>55</Elementx>
	  <MechaCloth>55</MechaCloth>
	  <Gold>15</Gold>
    </costList>
		<generateCommonality>0.3</generateCommonality>
		<apparel>
			<bodyPartGroups>
				<li>Torso</li>
        <li>Neck</li>
				<li>Shoulders</li>
				<li>Arms</li>
				<li>Legs</li>
			</bodyPartGroups>
			<wornGraphicPath>ArmorMechalitElite/ArmorMechalit</wornGraphicPath>
			<layers>
				<li>Middle</li>
				<li>Shell</li>
			</layers>
	  <tags>
        <li>SpacerMilitary</li>
      </tags>
      <defaultOutfitTags>
        <li>Soldier</li>
      </defaultOutfitTags>
    </apparel>
	    <thingSetMakerTags>
      <li>RewardStandardHighFreq</li>
    </thingSetMakerTags>
  </ThingDef>
  
   <ThingDef ParentName="ApparelBase">
    <defName>Apparel_ArmorLegacyEliteMeh</defName>
    <label>"Legacy" armor</label>
    <description>"Legacy" ("Legacy") - this decorative-looking armor is actually an ancient development of the best minds of the Mechalit faction "- nowadays an irreproducible technology. This armor was intended for the deserved supreme commanders of the faction, it not only emphasizes the status of the owner, but and protects it well, practically without reducing mobility. The armor is equipped with a built-in kinetic shield, which reduces any damage taken. But the main feature of this armor is its "invulnerability." . Fathers pass it on to their children, and those to their children, which is why the armor got such a name. This armor cannot be bought or crafted on the machine in the usual way. With the included Royalty add-on, the armor improves the psi characteristics of the wearer and is suitable for nobility with the title "Count" inclusive. ; The same armor of the "Mechalit" and "Renegades Mechalit" factions does not differ in characteristics, otherwise it has a different color corresponding to the fraction.</description>
    <techLevel>Spacer</techLevel>
    <graphicData>
      <texPath>ArmorLegacy/ArmorLegacy</texPath>
      <graphicClass>Graphic_Single</graphicClass>
    </graphicData>
    <statBases>
      <Mass>8</Mass>
      <ArmorRating_Sharp>1.35</ArmorRating_Sharp>
	  <ArmorRating_Blunt>0.7</ArmorRating_Blunt>
      <ArmorRating_Heat>0.9</ArmorRating_Heat>
      <Insulation_Cold>40</Insulation_Cold>
      <Insulation_Heat>15</Insulation_Heat>
	        <EquipDelay>20</EquipDelay>
			      <DeteriorationRate>0</DeteriorationRate>
				        <Flammability>0</Flammability>
						<MarketValue>5000</MarketValue>
    </statBases>
	<smeltable>false</smeltable>
    <equippedStatOffsets>
			<MoveSpeed>-0.1</MoveSpeed>
			       <SocialImpact>0.4</SocialImpact>
	 <IncomingDamageFactor>-0.15</IncomingDamageFactor>
	       <Flammability>-0.3</Flammability>
    </equippedStatOffsets>
    <thingCategories>
      <li>ApparelArmor</li>
    </thingCategories>
		<generateCommonality>0.1</generateCommonality>
		<apparel>
			<bodyPartGroups>
				<li>Torso</li>
        <li>Neck</li>
				<li>Shoulders</li>
				<li>Arms</li>
				<li>Legs</li>
			</bodyPartGroups>
			<wornGraphicPath>ArmorLegacy/ArmorLegacy</wornGraphicPath>
			<layers>
				<li>Middle</li>
				<li>Shell</li>
			</layers>
	  <tags>
        <li>SpacerMilitary</li>
      </tags>
      <defaultOutfitTags>
        <li>Soldier</li>
      </defaultOutfitTags>
	        <careIfWornByCorpse>false</careIfWornByCorpse>
    </apparel>
			<useHitPoints>false</useHitPoints>
				    <thingSetMakerTags>
      <li>RewardStandardHighFreq</li>
    </thingSetMakerTags>
	<tradeability>Sellable</tradeability>
  </ThingDef>
  
  
    	  <!--==================== RED RENEGAT ======================== -->
  
    <ThingDef ParentName="ArmorMakeableBaseMeh">
    <defName>Apparel_ArmorMechalitMehRRR</defName>
    <label>R-Mechalit armor</label>
    <description>An equipment of Mechalit Renegats faction. A hi-tech piece of armor with mechanite controlled life support system. Greatly increases wearer's survival rate and boosts many of his stats. The same armor of the "Mechalit" and "Renegades Mechalit" factions does not differ in characteristics, but only has a different color corresponding to the faction</description>
    <techLevel>Spacer</techLevel>
    <recipeMaker>
      <unfinishedThingDef>UnfinishedTechArmor</unfinishedThingDef>
      <researchPrerequisite>ArmorMechalit</researchPrerequisite>
	        <skillRequirements>
        <Crafting>12</Crafting>
      </skillRequirements>
    </recipeMaker>
    <graphicData>
      <texPath>ArmorMechalitR/ArmorMechalit</texPath>
      <graphicClass>Graphic_Single</graphicClass>
    </graphicData>
    <statBases>
      <WorkToMake>90000</WorkToMake>
      <MaxHitPoints>800</MaxHitPoints>
      <Mass>8</Mass>
      <ArmorRating_Sharp>1.12</ArmorRating_Sharp>
	  <ArmorRating_Blunt>0.5</ArmorRating_Blunt>
      <ArmorRating_Heat>0.6</ArmorRating_Heat>
      <Insulation_Cold>35</Insulation_Cold>
      <Insulation_Heat>11</Insulation_Heat>
	        <EquipDelay>18</EquipDelay>
    </statBases>
    <equippedStatOffsets>
			<MoveSpeed>0.1</MoveSpeed>
			 <WorkSpeedGlobal>0.15</WorkSpeedGlobal>
    </equippedStatOffsets>
    <thingCategories>
      <li>ApparelArmor</li>
    </thingCategories>
    <costList>
      <Mechanites>8</Mechanites>
      <Myrithium>75</Myrithium>
	  <Elementx>45</Elementx>
	  <MechaCloth>45</MechaCloth>
    </costList>
		<generateCommonality>0.8</generateCommonality>
		<apparel>
			<bodyPartGroups>
				<li>Torso</li>
        <li>Neck</li>
				<li>Shoulders</li>
				<li>Arms</li>
				<li>Legs</li>
			</bodyPartGroups>
			<wornGraphicPath>ArmorMechalitR/ArmorMechalit</wornGraphicPath>
			<layers>
				<li>Middle</li>
				<li>Shell</li>
			</layers>
	  <tags>
        <li>SpacerMilitary</li>
      </tags>
      <defaultOutfitTags>
        <li>Soldier</li>
      </defaultOutfitTags>
    </apparel>
		    <thingSetMakerTags>
      <li>RewardStandardHighFreq</li>
    </thingSetMakerTags>
  </ThingDef>
  
    <ThingDef ParentName="ArmorMakeableBaseMeh">
    <defName>Apparel_ArmorMechalitEliteMehRRR</defName>
    <label>R-Mechalit prestige armor</label>
    <description>An prestige equipment of Mechalit Renegats faction for Royalty. A hi-tech piece of armor with mechanite controlled life support system. Greatly increases wearer's survival rate and boosts many of his stats. The same armor of the "Mechalit" and "Renegades Mechalit" factions does not differ in characteristics, but only has a different color corresponding to the faction</description>
    <techLevel>Spacer</techLevel>
    <recipeMaker>
      <unfinishedThingDef>UnfinishedTechArmor</unfinishedThingDef>
      <researchPrerequisite>ArmorMechalit</researchPrerequisite>
	        <skillRequirements>
        <Crafting>12</Crafting>
      </skillRequirements>
    </recipeMaker>
    <graphicData>
      <texPath>ArmorMechalitEliteR/ArmorMechalitE</texPath>
      <graphicClass>Graphic_Single</graphicClass>
    </graphicData>
    <statBases>
      <WorkToMake>120000</WorkToMake>
      <MaxHitPoints>1400</MaxHitPoints>
      <Mass>8</Mass>
      <ArmorRating_Sharp>1.12</ArmorRating_Sharp>
	  <ArmorRating_Blunt>0.5</ArmorRating_Blunt>
      <ArmorRating_Heat>0.6</ArmorRating_Heat>
      <Insulation_Cold>35</Insulation_Cold>
      <Insulation_Heat>11</Insulation_Heat>
	        <EquipDelay>18</EquipDelay>
    </statBases>
    <equippedStatOffsets>
			<MoveSpeed>0.1</MoveSpeed>
			 <WorkSpeedGlobal>0.1</WorkSpeedGlobal>
			       <SocialImpact>0.3</SocialImpact>
    </equippedStatOffsets>
    <thingCategories>
      <li>ApparelArmor</li>
    </thingCategories>
    <costList>
      <Mechanites>8</Mechanites>
      <Myrithium>75</Myrithium>
	  <Elementx>55</Elementx>
	  <MechaCloth>55</MechaCloth>
	  <Gold>15</Gold>
    </costList>
		<generateCommonality>0.3</generateCommonality>
		<apparel>
			<bodyPartGroups>
				<li>Torso</li>
        <li>Neck</li>
				<li>Shoulders</li>
				<li>Arms</li>
				<li>Legs</li>
			</bodyPartGroups>
			<wornGraphicPath>ArmorMechalitEliteR/ArmorMechalitE</wornGraphicPath>
			<layers>
				<li>Middle</li>
				<li>Shell</li>
			</layers>
	  <tags>
        <li>SpacerMilitary</li>
      </tags>
      <defaultOutfitTags>
        <li>Soldier</li>
      </defaultOutfitTags>
    </apparel>
	    <thingSetMakerTags>
      <li>RewardStandardHighFreq</li>
    </thingSetMakerTags>
  </ThingDef>
  
   <ThingDef ParentName="ApparelBase">
    <defName>Apparel_ArmorLegacyEliteMehRRR</defName>
    <label>"R-Legacy" armor</label>
    <description>"Legacy" ("Legacy") - this decorative-looking armor is actually an ancient development of the best minds of the Mechalit Renegats faction "- nowadays an irreproducible technology. This armor was intended for the deserved supreme commanders of the faction, it not only emphasizes the status of the owner, but and protects it well, practically without reducing mobility. The armor is equipped with a built-in kinetic shield, which reduces any damage taken. But the main feature of this armor is its "invulnerability." . Fathers pass it on to their children, and those to their children, which is why the armor got such a name. This armor cannot be bought or crafted on the machine in the usual way. With the included Royalty add-on, the armor improves the psi characteristics of the wearer and is suitable for nobility with the title "Count" inclusive. The same armor of the "Mechalit" and "Mechalit Renegades" factions does not differ in characteristics, otherwise it has a different color corresponding to the fraction.</description>
    <techLevel>Spacer</techLevel>
    <graphicData>
      <texPath>ArmorLegacyR/ArmorLegacy</texPath>
      <graphicClass>Graphic_Single</graphicClass>
    </graphicData>
	<smeltable>false</smeltable>
    <statBases>
      <Mass>8</Mass>
      <ArmorRating_Sharp>1.35</ArmorRating_Sharp>
	  <ArmorRating_Blunt>0.7</ArmorRating_Blunt>
      <ArmorRating_Heat>0.9</ArmorRating_Heat>
      <Insulation_Cold>40</Insulation_Cold>
      <Insulation_Heat>15</Insulation_Heat>
	        <EquipDelay>20</EquipDelay>
			      <DeteriorationRate>0</DeteriorationRate>
				        <Flammability>0</Flammability>
						<MarketValue>5000</MarketValue>
    </statBases>
    <equippedStatOffsets>
			<MoveSpeed>-0.1</MoveSpeed>
			       <SocialImpact>0.4</SocialImpact>
	 <IncomingDamageFactor>-0.15</IncomingDamageFactor>
	       <Flammability>-0.3</Flammability>
    </equippedStatOffsets>
    <thingCategories>
      <li>ApparelArmor</li>
    </thingCategories>
		<generateCommonality>0.1</generateCommonality>
		<apparel>
			<bodyPartGroups>
				<li>Torso</li>
        <li>Neck</li>
				<li>Shoulders</li>
				<li>Arms</li>
				<li>Legs</li>
			</bodyPartGroups>
			<wornGraphicPath>ArmorLegacyR/ArmorLegacy</wornGraphicPath>
			<layers>
				<li>Middle</li>
				<li>Shell</li>
			</layers>
	  <tags>
        <li>SpacerMilitary</li>
      </tags>
      <defaultOutfitTags>
        <li>Soldier</li>
      </defaultOutfitTags>
	        <careIfWornByCorpse>false</careIfWornByCorpse>
    </apparel>
			<useHitPoints>false</useHitPoints>
				    <thingSetMakerTags>
      <li>RewardStandardHighFreq</li>
    </thingSetMakerTags>
	<tradeability>Sellable</tradeability>
  </ThingDef>
  
  
  
</Defs>
