﻿<?xml version="1.0" encoding="utf-8" ?>
<Defs>

  <PawnKindDef Name="MehalitBase" Abstract="True">
    <race>Human</race>
    <defaultFactionType>MehalitFaction</defaultFactionType>
    <backstoryCryptosleepCommonality>0.05</backstoryCryptosleepCommonality>
    <invNutrition>0.75</invNutrition>
  </PawnKindDef>

  
  <!-- Low tier - scavenger, thrasher -->

  <PawnKindDef ParentName="MehalitBase" Name="MehalitBaseBase" Abstract="True">
	<destroyGearOnDrop>true</destroyGearOnDrop>
    <gearHealthRange>
      <min>0.9</min>
      <max>1.5</max>
    </gearHealthRange>
    <apparelAllowHeadgearChance>1</apparelAllowHeadgearChance>
    <techHediffsMoney>
      <min>1500</min>
      <max>7000</max>
    </techHediffsMoney>
    <techHediffsTags>
	   <li>Advanced</li>
    </techHediffsTags>
    <techHediffsChance>0.75</techHediffsChance>
	<maxGenerationAge>60</maxGenerationAge>
	<canBeSapper>true</canBeSapper>
	    <initialWillRange>2~3</initialWillRange>
    <initialResistanceRange>7~12</initialResistanceRange>
  </PawnKindDef>
  
    <PawnKindDef ParentName="MehalitBaseBase">
    <defName>MehalitScout</defName>
    <label>Scout</label>
       <combatPower>85</combatPower>
	       <apparelTags>
      <li>IndustrialBasic</li>
      <li>IndustrialAdvanced</li>
      <li>IndustrialMilitaryBasic</li>
      <li>IndustrialMilitaryAdvanced</li>
    </apparelTags>
	<apparelRequired>
	<li>Apparel_AdvancedHelmet</li>
    </apparelRequired>
   <apparelMoney>
      <min>1500</min>
      <max>2000</max>
    </apparelMoney>
    <weaponMoney>
      <min>800</min>
      <max>1600</max>
    </weaponMoney>
    <weaponTags>
	  <li>GrenadeDestructive</li>
      <li>Gun</li>
      <li>MechaGunSimple</li> 
    </weaponTags>
	    <inventoryOptions>
		<thingDef>NanoTeleport_Meh</thingDef> <countRange><min>1</min><max>1</max></countRange>
	  <subOptionsChooseOne>
	 	<li><thingDef>Silver</thingDef><countRange><min>25</min><max>50</max></countRange></li>
		<li><thingDef>Eftam</thingDef><countRange><min>20</min><max>30</max></countRange></li>
		<li><thingDef>Steel</thingDef><countRange><min>20</min><max>30</max></countRange></li>
      </subOptionsChooseOne>
    </inventoryOptions>
  </PawnKindDef>
  
  <PawnKindDef ParentName="MehalitBaseBase">
    <defName>MehalitWarrior</defName>
    <label>Warrior</label>
       <combatPower>125</combatPower>
	       <apparelTags>
      <li>IndustrialBasic</li>
      <li>IndustrialAdvanced</li>
      <li>IndustrialMilitaryBasic</li>
      <li>IndustrialMilitaryAdvanced</li>
      <li>SpacerMilitary</li>
      <li>BeltDefensePop</li>
    </apparelTags>
	<apparelRequired>
	<li>Apparel_STacticalHelmetMeh</li>
    </apparelRequired>
   <apparelMoney>
      <min>2500</min>
      <max>4000</max>
    </apparelMoney>
    <weaponMoney>
      <min>2000</min>
      <max>4000</max>
    </weaponMoney>
    <weaponTags>
	<li>GrenadeDestructive</li>
      <li>Gun</li>
	  <li>SpacerGun</li>
	   <li>MechaGun</li>
    </weaponTags>
	    <inventoryOptions>
		<thingDef>NanoTeleport_Meh</thingDef> <countRange><min>1</min><max>1</max></countRange>
	  <subOptionsChooseOne>
	 	<li><thingDef>Silver</thingDef><countRange><min>40</min><max>80</max></countRange></li>
        <li><thingDef>Energx</thingDef><countRange><min>2</min><max>3</max></countRange></li>
		<li><thingDef>Mechanites</thingDef><countRange><min>2</min><max>3</max></countRange></li>
		<li><thingDef>Elementx</thingDef><countRange><min>10</min><max>15</max></countRange></li>
		<li><thingDef>Vilanit</thingDef><countRange><min>10</min><max>15</max></countRange></li>
		<li><thingDef>Myrithium</thingDef><countRange><min>10</min><max>15</max></countRange></li>
		<li><thingDef>Steel</thingDef><countRange><min>20</min><max>30</max></countRange></li>
		<li><thingDef>Plasteel</thingDef><countRange><min>10</min><max>15</max></countRange></li>
		<li><thingDef>Uranium</thingDef><countRange><min>10</min><max>15</max></countRange></li>
		<li><thingDef>Gold</thingDef><countRange><min>10</min><max>15</max></countRange></li>
				        <li><thingDef>McoinB</thingDef><countRange><min>0</min><max>1</max></countRange></li>
      </subOptionsChooseOne>
    </inventoryOptions>
  </PawnKindDef>
  
    <PawnKindDef ParentName="MehalitBaseBase">
    <defName>MehalitDestroyer</defName>
    <label>Destroyer</label>
       <combatPower>170</combatPower>
	       <apparelTags>
      <li>IndustrialBasic</li>
      <li>IndustrialAdvanced</li>
      <li>IndustrialMilitaryBasic</li>
      <li>IndustrialMilitaryAdvanced</li>
      <li>SpacerMilitary</li>
    </apparelTags>
	<apparelRequired>
	<li>Apparel_HelmetPumaMeh</li>
	<li>Apparel_PowerArmor</li>
	<li>Apparel_ShieldBelt</li>
    </apparelRequired>
   <apparelMoney>
      <min>2500</min>
      <max>4000</max>
    </apparelMoney>
    <weaponMoney>
      <min>2000</min>
      <max>4000</max>
    </weaponMoney>
    <weaponTags>
      <li>MechaMelee</li>
    </weaponTags>
	    <combatEnhancingDrugsChance>0.75</combatEnhancingDrugsChance>
    <combatEnhancingDrugsCount>
      <min>1</min>
      <max>1</max>
    </combatEnhancingDrugsCount>
	    <inventoryOptions>
		<thingDef>NanoTeleport_Meh</thingDef> <countRange><min>1</min><max>1</max></countRange>
	  <subOptionsChooseOne>
	 	<li><thingDef>Silver</thingDef><countRange><min>50</min><max>100</max></countRange></li>
        <li><thingDef>Energx</thingDef><countRange><min>2</min><max>4</max></countRange></li>
		<li><thingDef>Mechanites</thingDef><countRange><min>2</min><max>4</max></countRange></li>
		<li><thingDef>Elementx</thingDef><countRange><min>10</min><max>20</max></countRange></li>
		<li><thingDef>Vilanit</thingDef><countRange><min>10</min><max>20</max></countRange></li>
		<li><thingDef>Myrithium</thingDef><countRange><min>10</min><max>20</max></countRange></li>
		<li><thingDef>Steel</thingDef><countRange><min>20</min><max>35</max></countRange></li>
		<li><thingDef>Plasteel</thingDef><countRange><min>10</min><max>20</max></countRange></li>
		<li><thingDef>Uranium</thingDef><countRange><min>10</min><max>20</max></countRange></li>
		<li><thingDef>Gold</thingDef><countRange><min>10</min><max>20</max></countRange></li>
				        <li><thingDef>McoinB</thingDef><countRange><min>1</min><max>3</max></countRange></li>
      </subOptionsChooseOne>
    </inventoryOptions>
		<canBeSapper>true</canBeSapper>
		    <isGoodBreacher>true</isGoodBreacher>
  </PawnKindDef>
  
    <PawnKindDef ParentName="MehalitBaseBase">
    <defName>MehalitWarriorE</defName>
        <combatPower>300</combatPower>
	<label>Elite Warrior</label>
	    <apparelTags>
      <li>IndustrialBasic</li>
      <!--li>IndustrialAdvanced</li-->
      <!--li>IndustrialMilitaryBasic</li-->
      <!--li>IndustrialMilitaryAdvanced</li-->
      <li>SpacerMilitary</li>
      <li>BeltDefensePop</li>
	          <li>SpacerMilitaryMechaBelt</li>
    </apparelTags>
	    <apparelRequired>
	  <li>Apparel_HelmetMechalitMeh</li>
	  	  <li>Apparel_ArmorMechalitMeh</li>
    </apparelRequired>
    <apparelMoney>
      <min>7500</min>
      <max>15500</max>
    </apparelMoney>
    <weaponMoney>
      <min>7000</min>
      <max>18000</max>
    </weaponMoney>
    <weaponTags>
   <li>SpacerGunMecha</li>
    </weaponTags>
	    <inventoryOptions>
		<thingDef>NanoTeleport_Meh</thingDef> <countRange><min>1</min><max>1</max></countRange>
	  <subOptionsChooseOne>
	 	<li><thingDef>Silver</thingDef><countRange><min>120</min><max>200</max></countRange></li>
        <li><thingDef>Energx</thingDef><countRange><min>4</min><max>6</max></countRange></li>
		<li><thingDef>Mechanites</thingDef><countRange><min>4</min><max>6</max></countRange></li>
		<li><thingDef>Elementx</thingDef><countRange><min>20</min><max>30</max></countRange></li>
		<li><thingDef>Vilanit</thingDef><countRange><min>20</min><max>30</max></countRange></li>
		<li><thingDef>Myrithium</thingDef><countRange><min>20</min><max>30</max></countRange></li>
		<li><thingDef>Steel</thingDef><countRange><min>35</min><max>50</max></countRange></li>
		<li><thingDef>Plasteel</thingDef><countRange><min>20</min><max>30</max></countRange></li>
		<li><thingDef>Uranium</thingDef><countRange><min>20</min><max>30</max></countRange></li>
		<li><thingDef>Gold</thingDef><countRange><min>20</min><max>30</max></countRange></li>
				        <li><thingDef>McoinB</thingDef><countRange><min>1</min><max>3</max></countRange></li>
      </subOptionsChooseOne>
    </inventoryOptions>
  </PawnKindDef>
  
      <PawnKindDef ParentName="MehalitBaseBase">
    <defName>MehalitWarriorE_Defender</defName>
        <combatPower>150</combatPower>
	<label>Elite Defender</label>
	    <apparelTags>
      <li>IndustrialBasic</li>
      <!--li>IndustrialAdvanced</li-->
      <!--li>IndustrialMilitaryBasic</li-->
      <!--li>IndustrialMilitaryAdvanced</li-->
      <li>SpacerMilitary</li>
      <li>BeltDefensePop</li>
	          <li>SpacerMilitaryMechaBelt</li>
    </apparelTags>
	    <apparelRequired>
	  <li>Apparel_HelmetMechalitEliteMeh</li>
	  	  <li>Apparel_ArmorMechalitEliteMeh</li>
    </apparelRequired>
    <apparelMoney>
      <min>2500</min>
      <max>25500</max>
    </apparelMoney>
    <weaponMoney>
      <min>2000</min>
      <max>10000</max>
    </weaponMoney>
    <weaponTags>
	 <li>MechaGun</li>
   <li>SpacerGunMecha</li>
   <li>SpacerGunMechaGold</li>
    </weaponTags>
	    <inventoryOptions>
		<thingDef>NanoTeleport_Meh</thingDef> <countRange><min>1</min><max>1</max></countRange>
	  <subOptionsChooseOne>
        <li><thingDef>McoinB</thingDef><countRange><min>5</min><max>15</max></countRange></li>
      </subOptionsChooseOne>
    </inventoryOptions>
  </PawnKindDef>

      <PawnKindDef ParentName="MehalitBaseBase">
    <defName>MehalitWarriorL</defName>
        <combatPower>250</combatPower>
	<label>Leader</label>
	 <labelPlural>bosses</labelPlural>
	    <apparelTags>
      <li>IndustrialBasic</li>
      <li>SpacerMilitary</li>
      <li>BeltDefensePop</li>
    </apparelTags>
		    <apparelRequired>
	  <li>Apparel_HelmetMechalitMeh</li>
	  	  <li>Apparel_ArmorMechalitMeh</li>
    </apparelRequired>
    <apparelMoney>
      <min>6500</min>
      <max>15000</max>
    </apparelMoney>
    <weaponMoney>
      <min>6000</min>
      <max>18000</max>
    </weaponMoney>
    <weaponTags>
   <li>SpacerGunMecha</li>
    </weaponTags>
			<factionLeader>true</factionLeader>
			<isFighter>false</isFighter>
	<inventoryOptions>
		<thingDef>NanoTeleport_Meh</thingDef> <countRange><min>1</min><max>1</max></countRange>
	  <subOptionsChooseOne>
	 	<li><thingDef>Silver</thingDef><countRange><min>50</min><max>100</max></countRange></li>
        <li><thingDef>Energx</thingDef><countRange><min>2</min><max>4</max></countRange></li>
		<li><thingDef>Mechanites</thingDef><countRange><min>2</min><max>4</max></countRange></li>
		<li><thingDef>Elementx</thingDef><countRange><min>10</min><max>20</max></countRange></li>
		<li><thingDef>Vilanit</thingDef><countRange><min>10</min><max>20</max></countRange></li>
		<li><thingDef>Myrithium</thingDef><countRange><min>10</min><max>20</max></countRange></li>
		<li><thingDef>Steel</thingDef><countRange><min>20</min><max>30</max></countRange></li>
		<li><thingDef>Plasteel</thingDef><countRange><min>10</min><max>15</max></countRange></li>
		<li><thingDef>Uranium</thingDef><countRange><min>10</min><max>15</max></countRange></li>
		<li><thingDef>Gold</thingDef><countRange><min>10</min><max>15</max></countRange></li>
      </subOptionsChooseOne>
    </inventoryOptions>
  </PawnKindDef>

   <PawnKindDef ParentName="MehalitBaseBase">
    <defName>Mehalit_Trader</defName>
    <label>Trader</label>
		<itemQuality>Good</itemQuality>
		    <apparelTags>
      <li>IndustrialBasic</li>
      <!--li>IndustrialAdvanced</li-->
      <!--li>IndustrialMilitaryBasic</li-->
      <!--li>IndustrialMilitaryAdvanced</li-->
      <li>SpacerMilitary</li>
      <li>BeltDefensePop</li>
	          <li>SpacerMilitaryMechaBelt</li>
    </apparelTags>
	    <apparelRequired>
	  <li>Apparel_HelmetLegacyEliteMeh</li>
	  	  <li>Apparel_ArmorLegacyEliteMeh</li>
    </apparelRequired>
    <weaponMoney>
      <min>7000</min>
      <max>18000</max>
    </weaponMoney>
    <weaponTags>
		<li>SpacerGunMecha</li>
    </weaponTags>
    <combatPower>50</combatPower>
	<trader>true</trader>
	 <isFighter>false</isFighter>
	    <inventoryOptions>
		<thingDef>NanoTeleport_Meh</thingDef> <countRange><min>1</min><max>1</max></countRange>
	  <subOptionsChooseOne>
	 	<li><thingDef>Silver</thingDef><countRange><min>50</min><max>100</max></countRange></li>
        <li><thingDef>Energx</thingDef><countRange><min>2</min><max>4</max></countRange></li>
		<li><thingDef>Mechanites</thingDef><countRange><min>2</min><max>4</max></countRange></li>
		<li><thingDef>Elementx</thingDef><countRange><min>10</min><max>20</max></countRange></li>
		<li><thingDef>Vilanit</thingDef><countRange><min>10</min><max>20</max></countRange></li>
		<li><thingDef>Myrithium</thingDef><countRange><min>10</min><max>20</max></countRange></li>
		<li><thingDef>Steel</thingDef><countRange><min>20</min><max>30</max></countRange></li>
		<li><thingDef>Plasteel</thingDef><countRange><min>10</min><max>15</max></countRange></li>
		<li><thingDef>Uranium</thingDef><countRange><min>10</min><max>15</max></countRange></li>
		<li><thingDef>Gold</thingDef><countRange><min>10</min><max>15</max></countRange></li>
      </subOptionsChooseOne>
    </inventoryOptions>
  </PawnKindDef>
  
  <PawnKindDef ParentName="MehalitBaseBase">
    <defName>MehalitWarriorGE</defName>
        <combatPower>400</combatPower>
	<label>Elite Arhont</label>
	<itemQuality>Masterwork</itemQuality>
	    <apparelTags>
      <li>IndustrialBasic</li>
      <!--li>IndustrialAdvanced</li-->
      <!--li>IndustrialMilitaryBasic</li-->
      <!--li>IndustrialMilitaryAdvanced</li-->
      <li>SpacerMilitary</li>
      <li>BeltDefensePop</li>
	          <li>SpacerMilitaryMechaBelt</li>
    </apparelTags>
	    <apparelRequired>
	  <li>Apparel_HelmetLegacyEliteMeh</li>
	  	  <li>Apparel_ArmorLegacyEliteMeh</li>
    </apparelRequired>
    <apparelMoney>
      <min>2500</min>
      <max>15500</max>
    </apparelMoney>
    <weaponMoney>
      <min>3500</min>
      <max>18000</max>
    </weaponMoney>
    <weaponTags>
   <li>SpacerGunMecha</li>
     <li>MechaMeleeTurbo</li>
    </weaponTags>
	    <inventoryOptions>
		<thingDef>NanoTeleport_Meh</thingDef> <countRange><min>1</min><max>1</max></countRange>
	  <subOptionsChooseOne>
	 	<li><thingDef>Silver</thingDef><countRange><min>120</min><max>200</max></countRange></li>
        <li><thingDef>Energx</thingDef><countRange><min>4</min><max>6</max></countRange></li>
		<li><thingDef>Mechanites</thingDef><countRange><min>4</min><max>6</max></countRange></li>
		<li><thingDef>Elementx</thingDef><countRange><min>20</min><max>30</max></countRange></li>
		<li><thingDef>Vilanit</thingDef><countRange><min>20</min><max>30</max></countRange></li>
		<li><thingDef>Myrithium</thingDef><countRange><min>20</min><max>30</max></countRange></li>
		<li><thingDef>Steel</thingDef><countRange><min>35</min><max>50</max></countRange></li>
		<li><thingDef>Plasteel</thingDef><countRange><min>20</min><max>30</max></countRange></li>
		<li><thingDef>Uranium</thingDef><countRange><min>20</min><max>30</max></countRange></li>
		<li><thingDef>Gold</thingDef><countRange><min>20</min><max>30</max></countRange></li>
		        <li><thingDef>McoinB</thingDef><countRange><min>3</min><max>8</max></countRange></li>
      </subOptionsChooseOne>
    </inventoryOptions>
  </PawnKindDef>
  
  
  
  
  
  
  
  
  
  
  
  
  
  
  
  
  
  
  
  
  
   <PawnKindDef ParentName="MehalitBaseBase">
    <defName>MehalitWarriorER</defName>
	    <defaultFactionType>MehalitFaction</defaultFactionType>
        <combatPower>300</combatPower>
	<label>Elite Warrior</label>
	    <apparelTags>
      <li>IndustrialBasic</li>
      <!--li>IndustrialAdvanced</li-->
      <!--li>IndustrialMilitaryBasic</li-->
      <!--li>IndustrialMilitaryAdvanced</li-->
      <li>SpacerMilitary</li>
      <li>BeltDefensePop</li>
	          <li>SpacerMilitaryMechaBelt</li>
    </apparelTags>
	    <apparelRequired>
	  <li>Apparel_HelmetMechalitMehRRR</li>
	  	  <li>Apparel_ArmorMechalitMehRRR</li>
    </apparelRequired>
    <apparelMoney>
      <min>7500</min>
      <max>15500</max>
    </apparelMoney>
    <weaponMoney>
      <min>7000</min>
      <max>18000</max>
    </weaponMoney>
    <weaponTags>
   <li>SpacerGunMecha</li>
    </weaponTags>
	    <inventoryOptions>
		<thingDef>NanoTeleport_Meh</thingDef> <countRange><min>1</min><max>1</max></countRange>
	  <subOptionsChooseOne>
	 	<li><thingDef>Silver</thingDef><countRange><min>120</min><max>200</max></countRange></li>
        <li><thingDef>Energx</thingDef><countRange><min>4</min><max>6</max></countRange></li>
		<li><thingDef>Mechanites</thingDef><countRange><min>4</min><max>6</max></countRange></li>
		<li><thingDef>Elementx</thingDef><countRange><min>20</min><max>30</max></countRange></li>
		<li><thingDef>Vilanit</thingDef><countRange><min>20</min><max>30</max></countRange></li>
		<li><thingDef>Myrithium</thingDef><countRange><min>20</min><max>30</max></countRange></li>
		<li><thingDef>Steel</thingDef><countRange><min>35</min><max>50</max></countRange></li>
		<li><thingDef>Plasteel</thingDef><countRange><min>20</min><max>30</max></countRange></li>
		<li><thingDef>Uranium</thingDef><countRange><min>20</min><max>30</max></countRange></li>
		<li><thingDef>Gold</thingDef><countRange><min>20</min><max>30</max></countRange></li>
				        <li><thingDef>McoinB</thingDef><countRange><min>1</min><max>3</max></countRange></li>
      </subOptionsChooseOne>
    </inventoryOptions>
  </PawnKindDef>
  
      <PawnKindDef ParentName="MehalitBaseBase">
    <defName>MehalitWarriorER_Defender</defName>
	    <defaultFactionType>MehalitFaction</defaultFactionType>
        <combatPower>150</combatPower>
	<label>Elite Defender</label>
	    <apparelTags>
      <li>IndustrialBasic</li>
      <!--li>IndustrialAdvanced</li-->
      <!--li>IndustrialMilitaryBasic</li-->
      <!--li>IndustrialMilitaryAdvanced</li-->
      <li>SpacerMilitary</li>
      <li>BeltDefensePop</li>
	          <li>SpacerMilitaryMechaBelt</li>
    </apparelTags>
	    <apparelRequired>
	  <li>Apparel_HelmetMechalitEliteMehRRR</li>
	  	  <li>Apparel_ArmorMechalitEliteMehRRR</li>
    </apparelRequired>
    <apparelMoney>
      <min>2500</min>
      <max>25500</max>
    </apparelMoney>
    <weaponMoney>
      <min>2000</min>
      <max>10000</max>
    </weaponMoney>
    <weaponTags>
	 <li>MechaGun</li>
   <li>SpacerGunMecha</li>
   <li>SpacerGunMechaGold</li>
    </weaponTags>
	    <inventoryOptions>
		<thingDef>NanoTeleport_Meh</thingDef> <countRange><min>1</min><max>1</max></countRange>
	  <subOptionsChooseOne>
        <li><thingDef>McoinB</thingDef><countRange><min>5</min><max>15</max></countRange></li>
      </subOptionsChooseOne>
    </inventoryOptions>
  </PawnKindDef>

      <PawnKindDef ParentName="MehalitBaseBase">
    <defName>MehalitWarriorLR</defName>
	    <defaultFactionType>MehalitFaction</defaultFactionType>
        <combatPower>250</combatPower>
	<label>Leader</label>
	 <labelPlural>bosses</labelPlural>
	    <apparelTags>
      <li>IndustrialBasic</li>
      <li>SpacerMilitary</li>
      <li>BeltDefensePop</li>
    </apparelTags>
		    <apparelRequired>
	  <li>Apparel_HelmetMechalitMehRRR</li>
	  	  <li>Apparel_ArmorMechalitMehRRR</li>
    </apparelRequired>
    <apparelMoney>
      <min>6500</min>
      <max>15000</max>
    </apparelMoney>
    <weaponMoney>
      <min>6000</min>
      <max>18000</max>
    </weaponMoney>
    <weaponTags>
   <li>SpacerGunMecha</li>
    </weaponTags>
			<factionLeader>true</factionLeader>
			<isFighter>false</isFighter>
	<inventoryOptions>
		<thingDef>NanoTeleport_Meh</thingDef> <countRange><min>1</min><max>1</max></countRange>
	  <subOptionsChooseOne>
	 	<li><thingDef>Silver</thingDef><countRange><min>50</min><max>100</max></countRange></li>
        <li><thingDef>Energx</thingDef><countRange><min>2</min><max>4</max></countRange></li>
		<li><thingDef>Mechanites</thingDef><countRange><min>2</min><max>4</max></countRange></li>
		<li><thingDef>Elementx</thingDef><countRange><min>10</min><max>20</max></countRange></li>
		<li><thingDef>Vilanit</thingDef><countRange><min>10</min><max>20</max></countRange></li>
		<li><thingDef>Myrithium</thingDef><countRange><min>10</min><max>20</max></countRange></li>
		<li><thingDef>Steel</thingDef><countRange><min>20</min><max>30</max></countRange></li>
		<li><thingDef>Plasteel</thingDef><countRange><min>10</min><max>15</max></countRange></li>
		<li><thingDef>Uranium</thingDef><countRange><min>10</min><max>15</max></countRange></li>
		<li><thingDef>Gold</thingDef><countRange><min>10</min><max>15</max></countRange></li>
      </subOptionsChooseOne>
    </inventoryOptions>
  </PawnKindDef>

   <PawnKindDef ParentName="MehalitBaseBase">
    <defName>Mehalit_TraderR</defName>
	    <defaultFactionType>MehalitFaction</defaultFactionType>
    <label>Trader</label>
		<itemQuality>Good</itemQuality>
		    <apparelTags>
      <li>IndustrialBasic</li>
      <!--li>IndustrialAdvanced</li-->
      <!--li>IndustrialMilitaryBasic</li-->
      <!--li>IndustrialMilitaryAdvanced</li-->
      <li>SpacerMilitary</li>
      <li>BeltDefensePop</li>
	          <li>SpacerMilitaryMechaBelt</li>
    </apparelTags>
	    <apparelRequired>
	  <li>Apparel_HelmetLegacyEliteMehRRR</li>
	  	  <li>Apparel_ArmorLegacyEliteMehRRR</li>
    </apparelRequired>
    <weaponMoney>
      <min>7000</min>
      <max>18000</max>
    </weaponMoney>
    <weaponTags>
		<li>SpacerGunMecha</li>
    </weaponTags>
    <combatPower>50</combatPower>
	<trader>true</trader>
	 <isFighter>false</isFighter>
	    <inventoryOptions>
		<thingDef>NanoTeleport_Meh</thingDef> <countRange><min>1</min><max>1</max></countRange>
	  <subOptionsChooseOne>
	 	<li><thingDef>Silver</thingDef><countRange><min>50</min><max>100</max></countRange></li>
        <li><thingDef>Energx</thingDef><countRange><min>2</min><max>4</max></countRange></li>
		<li><thingDef>Mechanites</thingDef><countRange><min>2</min><max>4</max></countRange></li>
		<li><thingDef>Elementx</thingDef><countRange><min>10</min><max>20</max></countRange></li>
		<li><thingDef>Vilanit</thingDef><countRange><min>10</min><max>20</max></countRange></li>
		<li><thingDef>Myrithium</thingDef><countRange><min>10</min><max>20</max></countRange></li>
		<li><thingDef>Steel</thingDef><countRange><min>20</min><max>30</max></countRange></li>
		<li><thingDef>Plasteel</thingDef><countRange><min>10</min><max>15</max></countRange></li>
		<li><thingDef>Uranium</thingDef><countRange><min>10</min><max>15</max></countRange></li>
		<li><thingDef>Gold</thingDef><countRange><min>10</min><max>15</max></countRange></li>
      </subOptionsChooseOne>
    </inventoryOptions>
  </PawnKindDef>
  
  <PawnKindDef ParentName="MehalitBaseBase">
    <defName>MehalitWarriorGER</defName>
	    <defaultFactionType>MehalitFaction</defaultFactionType>
        <combatPower>400</combatPower>
	<label>Elite Arhont</label>
	<itemQuality>Masterwork</itemQuality>
	    <apparelTags>
      <li>IndustrialBasic</li>
      <!--li>IndustrialAdvanced</li-->
      <!--li>IndustrialMilitaryBasic</li-->
      <!--li>IndustrialMilitaryAdvanced</li-->
      <li>SpacerMilitary</li>
      <li>BeltDefensePop</li>
	          <li>SpacerMilitaryMechaBelt</li>
    </apparelTags>
	    <apparelRequired>
	  <li>Apparel_HelmetLegacyEliteMehRRR</li>
	  	  <li>Apparel_ArmorLegacyEliteMehRRR</li>
    </apparelRequired>
    <apparelMoney>
      <min>2500</min>
      <max>15500</max>
    </apparelMoney>
    <weaponMoney>
      <min>3500</min>
      <max>18000</max>
    </weaponMoney>
    <weaponTags>
   <li>SpacerGunMecha</li>
     <li>MechaMeleeTurbo</li>
    </weaponTags>
	    <inventoryOptions>
		<thingDef>NanoTeleport_Meh</thingDef> <countRange><min>1</min><max>1</max></countRange>
	  <subOptionsChooseOne>
	 	<li><thingDef>Silver</thingDef><countRange><min>120</min><max>200</max></countRange></li>
        <li><thingDef>Energx</thingDef><countRange><min>4</min><max>6</max></countRange></li>
		<li><thingDef>Mechanites</thingDef><countRange><min>4</min><max>6</max></countRange></li>
		<li><thingDef>Elementx</thingDef><countRange><min>20</min><max>30</max></countRange></li>
		<li><thingDef>Vilanit</thingDef><countRange><min>20</min><max>30</max></countRange></li>
		<li><thingDef>Myrithium</thingDef><countRange><min>20</min><max>30</max></countRange></li>
		<li><thingDef>Steel</thingDef><countRange><min>35</min><max>50</max></countRange></li>
		<li><thingDef>Plasteel</thingDef><countRange><min>20</min><max>30</max></countRange></li>
		<li><thingDef>Uranium</thingDef><countRange><min>20</min><max>30</max></countRange></li>
		<li><thingDef>Gold</thingDef><countRange><min>20</min><max>30</max></countRange></li>
		        <li><thingDef>McoinB</thingDef><countRange><min>3</min><max>8</max></countRange></li>
      </subOptionsChooseOne>
    </inventoryOptions>
  </PawnKindDef>
  
  
  
  
  

  
</Defs>
