<?xml version="1.0" encoding="utf-8"?>
<Defs>

	<SoundDef>
		<defName>SoundGun_PistolAmber</defName>
		<eventNames />   <context>MapOnly</context>
		<maxSimultaneous>1</maxSimultaneous>
		<subSounds>
			<li>
				<grains>
					<li Class="AudioGrain_Clip">
						<clipPath>Things/PistolAmber</clipPath>
					</li>
				</grains>
				<pitchRange>
					<min>0.9</min>
					<max>1.05</max>
				</pitchRange>
			</li>
		</subSounds>
	</SoundDef>
	
		<SoundDef>
		<defName>SoundGun_AutopistolNeptune</defName>
		<eventNames />   <context>MapOnly</context>
		<maxSimultaneous>1</maxSimultaneous>
		<subSounds>
			<li>
				<grains>
					<li Class="AudioGrain_Clip">
						<clipPath>Things/AutoPistolNeptun</clipPath>
					</li>
				</grains>
				<pitchRange>
					<min>0.9</min>
					<max>1.05</max>
				</pitchRange>
			</li>
		</subSounds>
	</SoundDef>

		
		<SoundDef>
		<defName>SoundGun_PlasmaGun</defName>
		<eventNames />   <context>MapOnly</context>
		<maxSimultaneous>1</maxSimultaneous>
		<subSounds>
			<li>
				<grains>
					<li Class="AudioGrain_Clip">
						<clipPath>Things/PlasmaGun</clipPath>
					</li>
				</grains>
				<pitchRange>
					<min>0.9</min>
					<max>1.05</max>
				</pitchRange>
			</li>
		</subSounds>
	</SoundDef>
	

			<SoundDef>
		<defName>SoundGun_MagmaGun</defName>
		<eventNames />   <context>MapOnly</context>
		<maxSimultaneous>1</maxSimultaneous>
		<subSounds>
			<li>
				<grains>
					<li Class="AudioGrain_Clip">
						<clipPath>Things/MagmaGun</clipPath>
					</li>
				</grains>
				<pitchRange>
					<min>0.9</min>
					<max>1.05</max>
				</pitchRange>
			</li>
		</subSounds>
	</SoundDef>
	
	
			<SoundDef>
		<defName>SoundGun_Dolphin</defName>
		<eventNames />   <context>MapOnly</context>
		<maxSimultaneous>1</maxSimultaneous>
		<subSounds>
			<li>
				<grains>
					<li Class="AudioGrain_Clip">
						<clipPath>Things/ShotGunDolphin</clipPath>
					</li>
				</grains>
				<pitchRange>
					<min>0.9</min>
					<max>1.05</max>
				</pitchRange>
			</li>
		</subSounds>
	</SoundDef>
	
	
				<SoundDef>
		<defName>SoundGun_MechaRifle</defName>
		<eventNames />   <context>MapOnly</context>
		<maxSimultaneous>1</maxSimultaneous>
		<subSounds>
			<li>
				<grains>
					<li Class="AudioGrain_Clip">
						<clipPath>Things/MechaRifle</clipPath>
					</li>
				</grains>
				<pitchRange>
					<min>0.9</min>
					<max>1.05</max>
				</pitchRange>
			</li>
		</subSounds>
	</SoundDef>
	
	
					<SoundDef>
		<defName>SoundGun_Eclipse</defName>
		<eventNames />   <context>MapOnly</context>
		<maxSimultaneous>1</maxSimultaneous>
		<subSounds>
			<li>
				<grains>
					<li Class="AudioGrain_Clip">
						<clipPath>Things/Eclipse</clipPath>
					</li>
				</grains>
				<pitchRange>
					<min>0.9</min>
					<max>1.05</max>
				</pitchRange>
			</li>
		</subSounds>
	</SoundDef>
	
						<SoundDef>
		<defName>SoundGun_NewOne</defName>
		<eventNames />   <context>MapOnly</context>
		<maxSimultaneous>1</maxSimultaneous>
		<subSounds>
			<li>
				<grains>
					<li Class="AudioGrain_Clip">
						<clipPath>Things/NewOne</clipPath>
					</li>
				</grains>
				<pitchRange>
					<min>0.9</min>
					<max>1.05</max>
				</pitchRange>
			</li>
		</subSounds>
	</SoundDef>
	
							<SoundDef>
		<defName>SoundGun_TeachGun</defName>
		<eventNames />   <context>MapOnly</context>
		<maxSimultaneous>1</maxSimultaneous>
		<subSounds>
			<li>
				<grains>
					<li Class="AudioGrain_Clip">
						<clipPath>Things/TeachGun</clipPath>
					</li>
				</grains>
				<pitchRange>
					<min>0.9</min>
					<max>1.05</max>
				</pitchRange>
			</li>
		</subSounds>
	</SoundDef>
	
							<SoundDef>
		<defName>SoundGun_Gaston</defName>
		<eventNames />   <context>MapOnly</context>
		<maxSimultaneous>1</maxSimultaneous>
		<subSounds>
			<li>
				<grains>
					<li Class="AudioGrain_Clip">
						<clipPath>Things/Gaston</clipPath>
					</li>
				</grains>
				<pitchRange>
					<min>0.9</min>
					<max>1.05</max>
				</pitchRange>
			</li>
		</subSounds>
	</SoundDef>
	
								<SoundDef>
		<defName>SoundGun_Winter</defName>
		<eventNames />   <context>MapOnly</context>
		<maxSimultaneous>1</maxSimultaneous>
		<subSounds>
			<li>
				<grains>
					<li Class="AudioGrain_Clip">
						<clipPath>Things/Winter</clipPath>
					</li>
				</grains>
				<pitchRange>
					<min>0.9</min>
					<max>1.05</max>
				</pitchRange>
			</li>
		</subSounds>
	</SoundDef>
	
										<SoundDef>
		<defName>SoundGun_WinterQ</defName>
		<eventNames />   <context>MapOnly</context>
		<maxSimultaneous>1</maxSimultaneous>
		<subSounds>
			<li>
				<grains>
					<li Class="AudioGrain_Clip">
						<clipPath>Things/WinterQ</clipPath>
					</li>
				</grains>
				<pitchRange>
					<min>0.9</min>
					<max>1.05</max>
				</pitchRange>
			</li>
		</subSounds>
	</SoundDef>
	
								<SoundDef>
		<defName>SoundGun_Rapier</defName>
		<eventNames />   <context>MapOnly</context>
		<maxSimultaneous>1</maxSimultaneous>
		<subSounds>
			<li>
				<grains>
					<li Class="AudioGrain_Clip">
						<clipPath>Things/Rapier2</clipPath>
					</li>
				</grains>
				<pitchRange>
					<min>0.9</min>
					<max>1.05</max>
				</pitchRange>
			</li>
		</subSounds>
	</SoundDef>
	
									<SoundDef>
		<defName>SoundGun_TronDisk</defName>
		<eventNames />   <context>MapOnly</context>
		<maxSimultaneous>1</maxSimultaneous>
		<subSounds>
			<li>
				<grains>
					<li Class="AudioGrain_Clip">
						<clipPath>Things/TronDisc</clipPath>
					</li>
				</grains>
				<pitchRange>
					<min>0.9</min>
					<max>1.05</max>
				</pitchRange>
			</li>
		</subSounds>
	</SoundDef>
	
	
	<SoundDef>
		<defName>SoundGun_Disk</defName>
		<eventNames />   <context>MapOnly</context>
		<maxSimultaneous>1</maxSimultaneous>
		<subSounds>
			<li>
				<grains>
			<li Class="AudioGrain_Clip">
            <clipPath>Things/Diskk</clipPath>
					</li>
				</grains>
        <volumeRange>99~99</volumeRange>
        <pitchRange>1.6~1.9</pitchRange>
			</li>
		</subSounds>
	</SoundDef>
	
	  <SoundDef>
    <defName>Explosion_SmokePunch</defName>
    <context>MapOnly</context>
    <maxSimultaneous>1</maxSimultaneous>
    <subSounds>
      <li>
        <grains>
          <li Class="AudioGrain_Folder">
            <clipFolderPath>Weapon/Artillery/Mortar_Explode_Dry</clipFolderPath>
          </li>
        </grains>
        <volumeRange>30~30</volumeRange>
        <pitchRange>1.6516304~1.954348</pitchRange>
      </li>
    </subSounds>
  </SoundDef>
	
</Defs>