<?xml version="1.0" encoding="UTF-8"?>
<Defs>

	
<RecipeDef>
    <defName>MakeMultiCloth</defName>
    <label>Make multicloth x5</label>
    <description>Make multicloth from skin/cloth, using special gas.</description>
    <jobString>Making Multiсloth</jobString>
    <workSpeedStat>GeneralLaborSpeed</workSpeedStat>
    <effectWorking>Tailor</effectWorking>
    <soundWorking>Recipe_Tailor</soundWorking>
    <allowMixingIngredients>true</allowMixingIngredients>
    <workAmount>500</workAmount>
		<recipeUsers>
			<li>MechaWorkbench</li>
		</recipeUsers>
    <targetCountAdjustment>5</targetCountAdjustment>
    <ingredients>
      <li>
	    <filter>
		<categories>
		<li>Leathers</li>
		</categories>
		<thingDefs>
		<li>Cloth</li>
		</thingDefs>
		</filter>
		<count>3</count>
	  </li>
	  <li>
        <filter>
          <thingDefs>
            <li>Gasnenkj</li>
          </thingDefs>
        </filter>
        <count>1</count>
      </li>
    </ingredients>
    <fixedIngredientFilter>
      <categories>
	    <li>Leathers</li>
	  </categories>
	  <thingDefs>
	  <li>Cloth</li>
	  <li>Gasnenkj</li>
	  </thingDefs>
      <disallowedThingDefs>
        <li>Leather_Thrumbo</li>
      </disallowedThingDefs>
    </fixedIngredientFilter>
    <products>
      <MultiCloth>5</MultiCloth>
    </products>
    <workSkill>Crafting</workSkill>
  </RecipeDef>
  
  <RecipeDef>
    <defName>MakeMultiCloth30</defName>
    <label>Make multicloth x30</label>
    <description>Make multicloth from skin/cloth, using special gas.</description>
    <jobString>Making Multiсloth</jobString>
    <workSpeedStat>GeneralLaborSpeed</workSpeedStat>
    <effectWorking>Tailor</effectWorking>
    <soundWorking>Recipe_Tailor</soundWorking>
    <allowMixingIngredients>true</allowMixingIngredients>
    <workAmount>3000</workAmount>
		<recipeUsers>
			<li>MechaWorkbench</li>
		</recipeUsers>
    <targetCountAdjustment>5</targetCountAdjustment>
    <ingredients>
      <li>
	    <filter>
		<categories>
		<li>Leathers</li>
		</categories>
		<thingDefs>
		<li>Cloth</li>
		</thingDefs>
		</filter>
		<count>18</count>
	  </li>
	  <li>
        <filter>
          <thingDefs>
            <li>Gasnenkj</li>
          </thingDefs>
        </filter>
        <count>6</count>
      </li>
    </ingredients>
    <fixedIngredientFilter>
      <categories>
	    <li>Leathers</li>
	  </categories>
	  <thingDefs>
	  <li>Cloth</li>
	  <li>Gasnenkj</li>
	  </thingDefs>
      <disallowedThingDefs>
        <li>Leather_Thrumbo</li>
      </disallowedThingDefs>
    </fixedIngredientFilter>
    <products>
      <MultiCloth>30</MultiCloth>
    </products>
    <workSkill>Crafting</workSkill>
  </RecipeDef>
  
  <RecipeDef>
    <defName>MakeSynthreadMeh</defName>
    <label>Make synthread x30</label>
    <description>Make synthread from eftam and big amount of multicloth.</description>
    <jobString>Making Synthread</jobString>
    <workSpeedStat>GeneralLaborSpeed</workSpeedStat>
    <effectWorking>Tailor</effectWorking>
    <soundWorking>Recipe_Tailor</soundWorking>
    <allowMixingIngredients>true</allowMixingIngredients>
    <workAmount>4000</workAmount>
		<recipeUsers>
			<li>MechaWorkbench</li>
		</recipeUsers>
    <targetCountAdjustment>5</targetCountAdjustment>
    <ingredients>
      <li>
	    <filter>
		<thingDefs>
		<li>MultiCloth</li>
		</thingDefs>
		</filter>
		<count>90</count>
	  </li>
	  <li>
        <filter>
          <thingDefs>
            <li>Eftam</li>
          </thingDefs>
        </filter>
        <count>25</count>
      </li>
    </ingredients>
    <fixedIngredientFilter>
	  <thingDefs>
	  <li>MultiCloth</li>
	  <li>Eftam</li>
	  </thingDefs>
    </fixedIngredientFilter>
    <products>
      <Synthread>30</Synthread>
    </products>
		<skillRequirements>
		<Crafting>6</Crafting>
	</skillRequirements>
    <workSkill>Crafting</workSkill>
<researchPrerequisite>SynthreadAndHyperweave</researchPrerequisite>
  </RecipeDef>
  
   <RecipeDef>
    <defName>MakeHyperweaveMeh</defName>
    <label>Make hyperweave x30</label>
    <description>Make hyperweave from plasteel and big amount of multicloth.</description>
    <jobString>Making hyperweave</jobString>
    <workSpeedStat>GeneralLaborSpeed</workSpeedStat>
    <effectWorking>Tailor</effectWorking>
    <soundWorking>Recipe_Tailor</soundWorking>
    <allowMixingIngredients>true</allowMixingIngredients>
    <workAmount>6000</workAmount>
		<recipeUsers>
			<li>MechaWorkbench</li>
		</recipeUsers>
    <targetCountAdjustment>5</targetCountAdjustment>
    <ingredients>
      <li>
	    <filter>
		<thingDefs>
		<li>MultiCloth</li>
		</thingDefs>
		</filter>
		<count>180</count>
	  </li>
	  <li>
        <filter>
          <thingDefs>
            <li>Plasteel</li>
          </thingDefs>
        </filter>
        <count>10</count>
      </li>
    </ingredients>
    <fixedIngredientFilter>
	  <thingDefs>
	  <li>MultiCloth</li>
	  <li>Plasteel</li>
	  </thingDefs>
    </fixedIngredientFilter>
    <products>
      <Hyperweave>30</Hyperweave>
    </products>
		<skillRequirements>
		<Crafting>8</Crafting>
	</skillRequirements>
    <workSkill>Crafting</workSkill>
		<researchPrerequisite>SynthreadAndHyperweave</researchPrerequisite>
  </RecipeDef>
  
     <RecipeDef>
    <defName>MakeThermoClothMeh</defName>
    <label>Make thermothread x30</label>
    <description>Make thermothread from synthread and wool.</description>
    <jobString>Making thermo-cloth</jobString>
    <workSpeedStat>GeneralLaborSpeed</workSpeedStat>
    <effectWorking>Tailor</effectWorking>
    <soundWorking>Recipe_Tailor</soundWorking>
    <allowMixingIngredients>true</allowMixingIngredients>
    <workAmount>9000</workAmount>
		<recipeUsers>
			<li>MechaWorkbench</li>
		</recipeUsers>
    <targetCountAdjustment>5</targetCountAdjustment>
    <ingredients>
      <li>
	    <filter>
		<thingDefs>
		<li>Synthread</li>
		</thingDefs>
		</filter>
		<count>60</count>
	  </li>
	  <li>
        <filter>
          <thingDefs>
            <li>WoolMegasloth</li>
			<li>WoolMuffalo</li>
			<li>WoolBison</li>
			<li>WoolAlpaca</li>
			<li>WoolSheep</li>
          </thingDefs>
        </filter>
        <count>20</count>
      </li>
    </ingredients>
    <fixedIngredientFilter>
	  <thingDefs>
	  <li>Synthread</li>
	 <li>WoolMegasloth</li>
		<li>WoolMuffalo</li>
		<li>WoolBison</li>
		<li>WoolAlpaca</li>
		<li>WoolSheep</li>
	  </thingDefs>
    </fixedIngredientFilter>
    <products>
      <ThermoCloth>30</ThermoCloth>
    </products>
		<skillRequirements>
		<Crafting>10</Crafting>
	</skillRequirements>
    <workSkill>Crafting</workSkill>
	<researchPrerequisite>ThermoclothandMechacloth</researchPrerequisite>
  </RecipeDef>
  
       <RecipeDef>
    <defName>MakeMechaClothMeh</defName>
    <label>Make mechaweave x30</label>
    <description>Make mechaweave from hyperweave and devilstrand.</description>
    <jobString>Making mecha-cloth</jobString>
    <workSpeedStat>GeneralLaborSpeed</workSpeedStat>
    <effectWorking>Tailor</effectWorking>
    <soundWorking>Recipe_Tailor</soundWorking>
    <allowMixingIngredients>true</allowMixingIngredients>
    <workAmount>12000</workAmount>
		<recipeUsers>
			<li>MechaWorkbench</li>
		</recipeUsers>
    <targetCountAdjustment>5</targetCountAdjustment>
    <ingredients>
      <li>
	    <filter>
		<thingDefs>
		<li>Hyperweave</li>
		</thingDefs>
		</filter>
		<count>25</count>
	  </li>
	  <li>
        <filter>
          <thingDefs>
            <li>DevilstrandCloth</li>
          </thingDefs>
        </filter>
        <count>40</count>
      </li>
    </ingredients>
    <fixedIngredientFilter>
	  <thingDefs>
	  <li>Hyperweave</li>
	 <li>DevilstrandCloth</li>
	  </thingDefs>
    </fixedIngredientFilter>
    <products>
      <MechaCloth>30</MechaCloth>
    </products>
		<skillRequirements>
		<Crafting>14</Crafting>
	    </skillRequirements>
    <workSkill>Crafting</workSkill>
		<researchPrerequisite>ThermoclothandMechacloth</researchPrerequisite>
  </RecipeDef>

</Defs>